,1w
1999-01-01,3.245
1999-01-04,3.249
1999-01-05,3.241
1999-01-06,3.24
1999-01-07,3.237
1999-01-08,3.233
1999-01-11,3.232
1999-01-12,3.226
1999-01-13,3.214
1999-01-14,3.2
1999-01-15,3.161
1999-01-18,3.109
1999-01-19,3.061
1999-01-20,3.061
1999-01-21,3.07
1999-01-22,3.091
1999-01-25,3.123
1999-01-26,3.18
1999-01-27,3.147
1999-01-28,3.14
1999-01-29,3.136
1999-02-01,3.145
1999-02-02,3.158
1999-02-03,3.169
1999-02-04,3.174
1999-02-05,3.169
1999-02-08,3.168
1999-02-09,3.164
1999-02-10,3.157
1999-02-11,3.148
1999-02-12,3.135
1999-02-15,3.124
1999-02-16,3.104
1999-02-17,3.088
1999-02-18,3.081
1999-02-19,3.082
1999-02-22,3.087
1999-02-23,3.106
1999-02-24,3.116
1999-02-25,3.12
1999-02-26,3.126
1999-03-01,3.129
1999-03-02,3.134
1999-03-03,3.123
1999-03-04,3.111
1999-03-05,3.105
1999-03-08,3.095
1999-03-09,3.087
1999-03-10,3.073
1999-03-11,3.061
1999-03-12,3.036
1999-03-15,3.022
1999-03-16,3.02
1999-03-17,3.039
1999-03-18,3.032
1999-03-19,3.016
1999-03-22,3.017
1999-03-23,3.025
1999-03-24,3.021
1999-03-25,3.014
1999-03-26,3.013
1999-03-29,3.011
1999-03-30,3.012
1999-03-31,3.011
1999-04-01,3.001
1999-04-02,2.998
1999-04-05,2.996
1999-04-06,2.989
1999-04-07,3.012
1999-04-08,3.027
1999-04-09,2.717
1999-04-12,2.689
1999-04-13,2.655
1999-04-14,2.631
1999-04-15,2.618
1999-04-16,2.605
1999-04-19,2.589
1999-04-20,2.561
1999-04-21,2.546
1999-04-22,2.546
1999-04-23,2.557
1999-04-26,2.56
1999-04-27,2.56
1999-04-28,2.558
1999-04-29,2.555
1999-04-30,2.555
1999-05-03,2.556
1999-05-04,2.555
1999-05-05,2.554
1999-05-06,2.552
1999-05-07,2.551
1999-05-10,2.549
1999-05-11,2.548
1999-05-12,2.548
1999-05-13,2.546
1999-05-14,2.546
1999-05-17,2.55
1999-05-18,2.554
1999-05-19,2.617
1999-05-20,2.597
1999-05-21,2.575
1999-05-24,2.565
1999-05-25,2.565
1999-05-26,2.558
1999-05-27,2.555
1999-05-28,2.555
1999-05-31,2.555
1999-06-01,2.557
1999-06-02,2.561
1999-06-03,2.56
1999-06-04,2.562
1999-06-07,2.565
1999-06-08,2.565
1999-06-09,2.566
1999-06-10,2.569
1999-06-11,2.574
1999-06-14,2.576
1999-06-15,2.581
1999-06-16,2.594
1999-06-17,2.602
1999-06-18,2.616
1999-06-21,2.651
1999-06-22,2.647
1999-06-23,2.612
1999-06-24,2.604
1999-06-25,2.612
1999-06-28,2.63
1999-06-29,2.639
1999-06-30,2.629
1999-07-01,2.621
1999-07-02,2.624
1999-07-05,2.62
1999-07-06,2.616
1999-07-07,2.599
1999-07-08,2.593
1999-07-09,2.59
1999-07-12,2.588
1999-07-13,2.585
1999-07-14,2.588
1999-07-15,2.622
1999-07-16,2.651
1999-07-19,2.661
1999-07-20,2.66
1999-07-21,2.653
1999-07-22,2.589
1999-07-23,2.592
1999-07-26,2.597
1999-07-27,2.604
1999-07-28,2.6
1999-07-29,2.603
1999-07-30,2.603
1999-08-02,2.604
1999-08-03,2.603
1999-08-04,2.592
1999-08-05,2.582
1999-08-06,2.577
1999-08-09,2.577
1999-08-10,2.577
1999-08-11,2.577
1999-08-12,2.581
1999-08-13,2.593
1999-08-16,2.597
1999-08-17,2.591
1999-08-18,2.433
1999-08-19,2.509
1999-08-20,2.572
1999-08-23,2.58
1999-08-24,2.582
1999-08-25,2.582
1999-08-26,2.584
1999-08-27,2.584
1999-08-30,2.583
1999-08-31,2.583
1999-09-01,2.584
1999-09-02,2.583
1999-09-03,2.58
1999-09-06,2.574
1999-09-07,2.568
1999-09-08,2.562
1999-09-09,2.554
1999-09-10,2.55
1999-09-13,2.547
1999-09-14,2.545
1999-09-15,2.545
1999-09-16,2.542
1999-09-17,2.537
1999-09-20,2.439
1999-09-21,2.545
1999-09-22,2.551
1999-09-23,2.554
1999-09-24,2.554
1999-09-27,2.554
1999-09-28,2.554
1999-09-29,2.555
1999-09-30,2.563
1999-10-01,2.586
1999-10-04,2.656
1999-10-05,2.679
1999-10-06,2.705
1999-10-07,2.742
1999-10-08,2.566
1999-10-11,2.564
1999-10-12,2.569
1999-10-13,2.607
1999-10-14,2.616
1999-10-15,2.63
1999-10-18,2.612
1999-10-19,2.431
1999-10-20,2.519
1999-10-21,2.663
1999-10-22,2.616
1999-10-25,2.618
1999-10-26,2.718
1999-10-27,2.721
1999-10-28,2.69
1999-10-29,2.736
1999-11-01,2.795
1999-11-02,2.94
1999-11-03,3.002
1999-11-04,2.933
1999-11-05,3.017
1999-11-08,2.989
1999-11-09,2.952
1999-11-10,2.948
1999-11-11,2.951
1999-11-12,2.981
1999-11-15,3.005
1999-11-16,3.015
1999-11-17,3.006
1999-11-18,2.897
1999-11-19,2.972
1999-11-22,3.034
1999-11-23,3.05
1999-11-24,3.053
1999-11-25,3.053
1999-11-26,3.056
1999-11-29,3.056
1999-11-30,3.071
1999-12-01,3.074
1999-12-02,3.076
1999-12-03,3.072
1999-12-06,3.075
1999-12-07,3.076
1999-12-08,3.06
1999-12-09,3.049
1999-12-10,3.033
1999-12-13,3.009
1999-12-14,3.001
1999-12-15,3.019
1999-12-16,3.046
1999-12-17,3.06
1999-12-20,3.031
1999-12-21,3.001
1999-12-22,3.767
1999-12-23,4.036
1999-12-24,4.047
1999-12-27,4.033
1999-12-28,4.099
1999-12-29,3.115
1999-12-30,3.119
1999-12-31,3.119
2000-01-03,3.1
2000-01-04,3.07
2000-01-05,3.055
2000-01-06,3.006
2000-01-07,2.998
2000-01-10,3.033
2000-01-11,3.038
2000-01-12,3.077
2000-01-13,3.068
2000-01-14,3.058
2000-01-17,3.049
2000-01-18,3.041
2000-01-19,2.97
2000-01-20,3.068
2000-01-21,3.07
2000-01-24,3.095
2000-01-25,3.097
2000-01-26,3.09
2000-01-27,3.135
2000-01-28,3.287
2000-01-31,3.298
2000-02-01,3.3
2000-02-02,3.235
2000-02-03,3.217
2000-02-04,3.294
2000-02-07,3.294
2000-02-08,3.293
2000-02-09,3.29
2000-02-10,3.287
2000-02-11,3.286
2000-02-14,3.282
2000-02-15,3.282
2000-02-16,3.279
2000-02-17,3.267
2000-02-18,3.267
2000-02-21,3.318
2000-02-22,3.352
2000-02-23,3.411
2000-02-24,3.434
2000-02-25,3.37
2000-02-28,3.379
2000-02-29,3.415
2000-03-01,3.394
2000-03-02,3.394
2000-03-03,3.329
2000-03-06,3.323
2000-03-07,3.331
2000-03-08,3.371
2000-03-09,3.465
2000-03-10,3.534
2000-03-13,3.573
2000-03-14,3.564
2000-03-15,3.548
2000-03-16,3.544
2000-03-17,3.535
2000-03-20,3.534
2000-03-21,3.539
2000-03-22,3.561
2000-03-23,3.621
2000-03-24,3.609
2000-03-27,3.621
2000-03-28,3.632
2000-03-29,3.644
2000-03-30,3.668
2000-03-31,3.647
2000-04-03,3.63
2000-04-04,3.627
2000-04-05,3.622
2000-04-06,3.625
2000-04-07,3.633
2000-04-10,3.635
2000-04-11,3.676
2000-04-12,3.751
2000-04-13,3.738
2000-04-14,3.654
2000-04-17,3.685
2000-04-18,3.776
2000-04-19,3.799
2000-04-20,3.794
2000-04-21,3.794
2000-04-24,3.794
2000-04-25,3.832
2000-04-26,3.921
2000-04-27,3.87
2000-04-28,3.903
2000-05-01,3.903
2000-05-02,3.926
2000-05-03,3.935
2000-05-04,3.972
2000-05-05,4.064
2000-05-08,4.058
2000-05-09,4.048
2000-05-10,4.014
2000-05-11,3.977
2000-05-12,3.939
2000-05-15,3.967
2000-05-16,3.991
2000-05-17,4.127
2000-05-18,4.125
2000-05-19,4.029
2000-05-22,4.081
2000-05-23,4.147
2000-05-24,4.136
2000-05-25,4.108
2000-05-26,4.056
2000-05-29,4.079
2000-05-30,4.109
2000-05-31,4.143
2000-06-01,4.158
2000-06-02,4.174
2000-06-05,4.184
2000-06-06,4.186
2000-06-07,4.111
2000-06-08,4.128
2000-06-09,4.346
2000-06-12,4.364
2000-06-13,4.371
2000-06-14,4.352
2000-06-15,4.278
2000-06-16,4.265
2000-06-19,4.258
2000-06-20,4.26
2000-06-21,4.423
2000-06-22,4.407
2000-06-23,4.419
2000-06-26,4.492
2000-06-27,4.48
2000-06-28,4.446
2000-06-29,4.384
2000-06-30,4.38
2000-07-03,4.375
2000-07-04,4.352
2000-07-05,4.349
2000-07-06,4.344
2000-07-07,4.341
2000-07-10,4.346
2000-07-11,4.345
2000-07-12,4.337
2000-07-13,4.33
2000-07-14,4.327
2000-07-17,4.326
2000-07-18,4.333
2000-07-19,4.367
2000-07-20,4.36
2000-07-21,4.369
2000-07-24,4.389
2000-07-25,4.384
2000-07-26,4.376
2000-07-27,4.381
2000-07-28,4.383
2000-07-31,4.377
2000-08-01,4.373
2000-08-02,4.366
2000-08-03,4.369
2000-08-04,4.364
2000-08-07,4.364
2000-08-08,4.363
2000-08-09,4.359
2000-08-10,4.358
2000-08-11,4.369
2000-08-14,4.405
2000-08-15,4.415
2000-08-16,4.424
2000-08-17,4.428
2000-08-18,4.412
2000-08-21,4.445
2000-08-22,4.509
2000-08-23,4.549
2000-08-24,4.558
2000-08-25,4.716
2000-08-28,4.769
2000-08-29,4.775
2000-08-30,4.72
2000-08-31,4.711
2000-09-01,4.621
2000-09-04,4.616
2000-09-05,4.615
2000-09-06,4.623
2000-09-07,4.658
2000-09-08,4.657
2000-09-11,4.653
2000-09-12,4.637
2000-09-13,4.608
2000-09-14,4.554
2000-09-15,4.546
2000-09-18,4.56
2000-09-19,4.559
2000-09-20,4.558
2000-09-21,4.684
2000-09-22,4.676
2000-09-25,4.699
2000-09-26,4.754
2000-09-27,4.761
2000-09-28,4.743
2000-09-29,4.744
2000-10-02,4.727
2000-10-03,4.717
2000-10-04,4.717
2000-10-05,4.702
2000-10-06,4.818
2000-10-09,4.82
2000-10-10,4.814
2000-10-11,4.8
2000-10-12,4.791
2000-10-13,4.748
2000-10-16,4.753
2000-10-17,4.767
2000-10-18,4.718
2000-10-19,4.786
2000-10-20,4.807
2000-10-23,4.834
2000-10-24,4.875
2000-10-25,4.881
2000-10-26,4.89
2000-10-27,4.917
2000-10-30,4.894
2000-10-31,4.891
2000-11-01,4.887
2000-11-02,4.885
2000-11-03,4.881
2000-11-06,4.877
2000-11-07,4.873
2000-11-08,4.86
2000-11-09,4.854
2000-11-10,4.849
2000-11-13,4.846
2000-11-14,4.823
2000-11-15,4.814
2000-11-16,4.809
2000-11-17,4.798
2000-11-20,4.804
2000-11-21,4.865
2000-11-22,4.865
2000-11-23,4.87
2000-11-24,4.874
2000-11-27,4.877
2000-11-28,4.893
2000-11-29,4.888
2000-11-30,4.881
2000-12-01,4.863
2000-12-04,4.85
2000-12-05,4.836
2000-12-06,4.805
2000-12-07,4.82
2000-12-08,4.827
2000-12-11,4.834
2000-12-12,4.839
2000-12-13,4.832
2000-12-14,4.816
2000-12-15,4.808
2000-12-18,4.797
2000-12-19,4.795
2000-12-20,4.736
2000-12-21,5.052
2000-12-22,5.066
2000-12-25,5.066
2000-12-26,5.066
2000-12-27,5.088
2000-12-28,4.879
2000-12-29,4.867
2001-01-02,4.852
2001-01-03,4.836
2001-01-04,4.812
2001-01-05,4.795
2001-01-08,4.778
2001-01-09,4.785
2001-01-10,4.815
2001-01-11,4.825
2001-01-12,4.826
2001-01-15,4.829
2001-01-16,4.82
2001-01-17,4.808
2001-01-18,4.792
2001-01-19,4.784
2001-01-22,4.786
2001-01-23,4.798
2001-01-24,4.806
2001-01-25,4.808
2001-01-26,4.821
2001-01-29,4.832
2001-01-30,4.817
2001-01-31,4.796
2001-02-01,4.782
2001-02-02,4.779
2001-02-05,4.776
2001-02-06,4.777
2001-02-07,4.777
2001-02-08,4.776
2001-02-09,4.775
2001-02-12,4.774
2001-02-13,4.773
2001-02-14,4.854
2001-02-15,4.849
2001-02-16,4.822
2001-02-19,4.855
2001-02-20,4.965
2001-02-21,5.059
2001-02-22,4.842
2001-02-23,4.83
2001-02-26,4.841
2001-02-27,4.855
2001-02-28,4.834
2001-03-01,4.825
2001-03-02,4.821
2001-03-05,4.817
2001-03-06,4.82
2001-03-07,4.833
2001-03-08,4.844
2001-03-09,4.851
2001-03-12,4.843
2001-03-13,4.829
2001-03-14,4.819
2001-03-15,4.808
2001-03-16,4.811
2001-03-19,4.816
2001-03-20,4.825
2001-03-21,4.835
2001-03-22,4.82
2001-03-23,4.8
2001-03-26,4.796
2001-03-27,4.789
2001-03-28,4.802
2001-03-29,4.77
2001-03-30,4.805
2001-04-02,4.804
2001-04-03,4.799
2001-04-04,4.79
2001-04-05,4.776
2001-04-06,4.763
2001-04-09,4.75
2001-04-10,4.752
2001-04-11,5.006
2001-04-12,5.171
2001-04-17,5.154
2001-04-18,5.128
2001-04-19,4.926
2001-04-20,4.861
2001-04-23,4.839
2001-04-24,4.816
2001-04-25,4.828
2001-04-26,4.837
2001-04-27,4.828
2001-04-30,4.831
2001-05-01,4.831
2001-05-02,4.842
2001-05-03,4.837
2001-05-04,4.833
2001-05-07,4.83
2001-05-08,4.827
2001-05-09,4.818
2001-05-10,4.809
2001-05-11,4.605
2001-05-14,4.594
2001-05-15,4.591
2001-05-16,4.589
2001-05-17,4.584
2001-05-18,4.577
2001-05-21,4.559
2001-05-22,4.565
2001-05-23,4.58
2001-05-24,4.596
2001-05-25,4.596
2001-05-28,4.601
2001-05-29,4.605
2001-05-30,4.591
2001-05-31,4.578
2001-06-01,4.566
2001-06-04,4.561
2001-06-05,4.552
2001-06-06,4.535
2001-06-07,4.512
2001-06-08,4.555
2001-06-11,4.548
2001-06-12,4.545
2001-06-13,4.551
2001-06-14,4.55
2001-06-15,4.543
2001-06-18,4.54
2001-06-19,4.536
2001-06-20,4.541
2001-06-21,4.567
2001-06-22,4.601
2001-06-25,4.62
2001-06-26,4.641
2001-06-27,4.646
2001-06-28,4.559
2001-06-29,4.554
2001-07-02,4.553
2001-07-03,4.539
2001-07-04,4.544
2001-07-05,4.539
2001-07-06,4.546
2001-07-09,4.544
2001-07-10,4.539
2001-07-11,4.536
2001-07-12,4.535
2001-07-13,4.538
2001-07-16,4.539
2001-07-17,4.536
2001-07-18,4.534
2001-07-19,4.514
2001-07-20,4.529
2001-07-23,4.543
2001-07-24,4.545
2001-07-25,4.548
2001-07-26,4.551
2001-07-27,4.552
2001-07-30,4.544
2001-07-31,4.541
2001-08-01,4.528
2001-08-02,4.503
2001-08-03,4.534
2001-08-06,4.532
2001-08-07,4.533
2001-08-08,4.533
2001-08-09,4.531
2001-08-10,4.53
2001-08-13,4.529
2001-08-14,4.529
2001-08-15,4.532
2001-08-16,4.532
2001-08-17,4.533
2001-08-20,4.533
2001-08-21,4.534
2001-08-22,4.524
2001-08-23,4.529
2001-08-24,4.548
2001-08-27,4.549
2001-08-28,4.561
2001-08-29,4.457
2001-08-30,4.411
2001-08-31,4.316
2001-09-03,4.314
2001-09-04,4.314
2001-09-05,4.31
2001-09-06,4.307
2001-09-07,4.305
2001-09-10,4.299
2001-09-11,4.298
2001-09-12,4.389
2001-09-13,4.332
2001-09-14,4.292
2001-09-17,4.25
2001-09-18,3.802
2001-09-19,3.661
2001-09-20,3.804
2001-09-21,3.799
2001-09-24,3.805
2001-09-25,3.821
2001-09-26,3.84
2001-09-27,3.791
2001-09-28,3.788
2001-10-01,3.788
2001-10-02,3.78
2001-10-03,3.769
2001-10-04,3.764
2001-10-05,3.747
2001-10-08,3.753
2001-10-09,3.763
2001-10-10,3.966
2001-10-11,3.885
2001-10-12,3.86
2001-10-15,3.851
2001-10-16,3.844
2001-10-17,4.125
2001-10-18,3.991
2001-10-19,3.938
2001-10-22,3.807
2001-10-23,3.793
2001-10-24,3.779
2001-10-25,3.711
2001-10-26,3.801
2001-10-29,3.799
2001-10-30,3.789
2001-10-31,3.781
2001-11-01,3.764
2001-11-02,3.765
2001-11-05,3.768
2001-11-06,3.783
2001-11-07,3.768
2001-11-08,3.561
2001-11-09,3.563
2001-11-12,3.522
2001-11-13,3.622
2001-11-14,3.379
2001-11-15,3.337
2001-11-16,3.331
2001-11-19,3.373
2001-11-20,3.349
2001-11-21,3.363
2001-11-22,3.38
2001-11-23,3.375
2001-11-26,3.369
2001-11-27,3.377
2001-11-28,3.376
2001-11-29,3.376
2001-11-30,3.36
2001-12-03,3.32
2001-12-04,3.307
2001-12-05,3.297
2001-12-06,3.289
2001-12-07,3.287
2001-12-10,3.286
2001-12-11,3.295
2001-12-12,3.307
2001-12-13,3.309
2001-12-14,3.313
2001-12-17,3.313
2001-12-18,3.314
2001-12-19,3.358
2001-12-20,3.681
2001-12-21,3.693
2001-12-24,3.695
2001-12-27,3.349
2001-12-28,3.343
2002-01-02,3.317
2002-01-03,3.339
2002-01-04,3.361
2002-01-07,3.356
2002-01-08,3.351
2002-01-09,3.356
2002-01-10,3.361
2002-01-11,3.352
2002-01-14,3.349
2002-01-15,3.344
2002-01-16,3.345
2002-01-17,3.344
2002-01-18,3.342
2002-01-21,3.334
2002-01-22,3.334
2002-01-23,3.341
2002-01-24,3.345
2002-01-25,3.346
2002-01-28,3.348
2002-01-29,3.352
2002-01-30,3.35
2002-01-31,3.35
2002-02-01,3.347
2002-02-04,3.344
2002-02-05,3.337
2002-02-06,3.333
2002-02-07,3.321
2002-02-08,3.324
2002-02-11,3.321
2002-02-12,3.319
2002-02-13,3.318
2002-02-14,3.317
2002-02-15,3.314
2002-02-18,3.312
2002-02-19,3.302
2002-02-20,3.29
2002-02-21,3.319
2002-02-22,3.322
2002-02-25,3.324
2002-02-26,3.333
2002-02-27,3.336
2002-02-28,3.336
2002-03-01,3.333
2002-03-04,3.33
2002-03-05,3.327
2002-03-06,3.319
2002-03-07,3.311
2002-03-08,3.304
2002-03-11,3.304
2002-03-12,3.303
2002-03-13,3.301
2002-03-14,3.276
2002-03-15,3.274
2002-03-18,3.263
2002-03-19,3.233
2002-03-20,3.331
2002-03-21,3.389
2002-03-22,3.403
2002-03-25,3.416
2002-03-26,3.429
2002-03-27,3.342
2002-03-28,3.341
2002-04-02,3.338
2002-04-03,3.337
2002-04-04,3.329
2002-04-05,3.327
2002-04-08,3.322
2002-04-09,3.314
2002-04-10,3.309
2002-04-11,3.307
2002-04-12,3.299
2002-04-15,3.288
2002-04-16,3.282
2002-04-17,3.241
2002-04-18,3.273
2002-04-19,3.316
2002-04-22,3.333
2002-04-23,3.337
2002-04-24,3.34
2002-04-25,3.337
2002-04-26,3.337
2002-04-29,3.332
2002-04-30,3.326
2002-05-02,3.324
2002-05-03,3.324
2002-05-06,3.324
2002-05-07,3.323
2002-05-08,3.322
2002-05-09,3.323
2002-05-10,3.322
2002-05-13,3.323
2002-05-14,3.324
2002-05-15,3.318
2002-05-16,3.311
2002-05-17,3.308
2002-05-20,3.304
2002-05-21,3.34
2002-05-22,3.343
2002-05-23,3.37
2002-05-24,3.368
2002-05-27,3.367
2002-05-28,3.371
2002-05-29,3.379
2002-05-30,3.372
2002-05-31,3.365
2002-06-03,3.364
2002-06-04,3.361
2002-06-05,3.358
2002-06-06,3.354
2002-06-07,3.349
2002-06-10,3.343
2002-06-11,3.34
2002-06-12,3.335
2002-06-13,3.33
2002-06-14,3.327
2002-06-17,3.323
2002-06-18,3.322
2002-06-19,3.329
2002-06-20,3.395
2002-06-21,3.394
2002-06-24,3.398
2002-06-25,3.403
2002-06-26,3.417
2002-06-27,3.37
2002-06-28,3.368
2002-07-01,3.363
2002-07-02,3.355
2002-07-03,3.349
2002-07-04,3.348
2002-07-05,3.347
2002-07-08,3.342
2002-07-09,3.33
2002-07-10,3.331
2002-07-11,3.329
2002-07-12,3.33
2002-07-15,3.331
2002-07-16,3.332
2002-07-17,3.321
2002-07-18,3.303
2002-07-19,3.301
2002-07-22,3.323
2002-07-23,3.347
2002-07-24,3.341
2002-07-25,3.342
2002-07-26,3.341
2002-07-29,3.341
2002-07-30,3.338
2002-07-31,3.338
2002-08-01,3.334
2002-08-02,3.325
2002-08-05,3.321
2002-08-06,3.319
2002-08-07,3.317
2002-08-08,3.315
2002-08-09,3.314
2002-08-12,3.315
2002-08-13,3.315
2002-08-14,3.312
2002-08-15,3.311
2002-08-16,3.312
2002-08-19,3.312
2002-08-20,3.31
2002-08-21,3.31
2002-08-22,3.328
2002-08-23,3.335
2002-08-26,3.331
2002-08-27,3.331
2002-08-28,3.333
2002-08-29,3.323
2002-08-30,3.322
2002-09-02,3.316
2002-09-03,3.314
2002-09-04,3.312
2002-09-05,3.312
2002-09-06,3.305
2002-09-09,3.305
2002-09-10,3.308
2002-09-11,3.309
2002-09-12,3.307
2002-09-13,3.307
2002-09-16,3.308
2002-09-17,3.311
2002-09-18,3.311
2002-09-19,3.312
2002-09-20,3.321
2002-09-23,3.326
2002-09-24,3.328
2002-09-25,3.332
2002-09-26,3.345
2002-09-27,3.325
2002-09-30,3.322
2002-10-01,3.315
2002-10-02,3.313
2002-10-03,3.312
2002-10-04,3.306
2002-10-07,3.305
2002-10-08,3.31
2002-10-09,3.306
2002-10-10,3.303
2002-10-11,3.309
2002-10-14,3.307
2002-10-15,3.307
2002-10-16,3.309
2002-10-17,3.312
2002-10-18,3.313
2002-10-21,3.314
2002-10-22,3.33
2002-10-23,3.329
2002-10-24,3.327
2002-10-25,3.328
2002-10-28,3.329
2002-10-29,3.331
2002-10-30,3.315
2002-10-31,3.314
2002-11-01,3.307
2002-11-04,3.307
2002-11-05,3.316
2002-11-06,3.283
2002-11-07,3.166
2002-11-08,3.304
2002-11-11,3.305
2002-11-12,3.306
2002-11-13,3.307
2002-11-14,3.307
2002-11-15,3.307
2002-11-18,3.303
2002-11-19,3.302
2002-11-20,3.306
2002-11-21,3.325
2002-11-22,3.331
2002-11-25,3.352
2002-11-26,3.391
2002-11-27,3.385
2002-11-28,3.365
2002-11-29,3.406
2002-12-02,3.381
2002-12-03,3.376
2002-12-04,3.018
2002-12-05,2.957
2002-12-06,2.867
2002-12-09,2.862
2002-12-10,2.863
2002-12-11,2.871
2002-12-12,2.891
2002-12-13,2.899
2002-12-16,2.902
2002-12-17,2.91
2002-12-18,2.913
2002-12-19,3.061
2002-12-20,3.041
2002-12-23,3.234
2002-12-24,3.216
2002-12-27,3.19
2002-12-30,2.954
2002-12-31,2.924
2003-01-02,2.908
2003-01-03,2.902
2003-01-06,2.892
2003-01-07,2.883
2003-01-08,2.871
2003-01-09,2.854
2003-01-10,2.848
2003-01-13,2.846
2003-01-14,2.844
2003-01-15,2.843
2003-01-16,2.843
2003-01-17,2.844
2003-01-20,2.843
2003-01-21,2.844
2003-01-22,2.827
2003-01-23,2.837
2003-01-24,2.843
2003-01-27,2.845
2003-01-28,2.848
2003-01-29,2.844
2003-01-30,2.836
2003-01-31,2.833
2003-02-03,2.83
2003-02-04,2.828
2003-02-05,2.817
2003-02-06,2.814
2003-02-07,2.806
2003-02-10,2.804
2003-02-11,2.803
2003-02-12,2.801
2003-02-13,2.799
2003-02-14,2.799
2003-02-17,2.8
2003-02-18,2.801
2003-02-19,2.799
2003-02-20,2.819
2003-02-21,2.821
2003-02-24,2.816
2003-02-25,2.824
2003-02-26,2.826
2003-02-27,2.815
2003-02-28,2.827
2003-03-03,2.851
2003-03-04,2.995
2003-03-05,2.795
2003-03-06,2.639
2003-03-07,2.742
2003-03-10,2.758
2003-03-11,2.708
2003-03-12,2.66
2003-03-13,2.639
2003-03-14,2.631
2003-03-17,2.628
2003-03-18,2.627
2003-03-19,2.562
2003-03-20,2.579
2003-03-21,2.595
2003-03-24,2.593
2003-03-25,2.594
2003-03-26,2.599
2003-03-27,2.603
2003-03-28,2.585
2003-03-31,2.578
2003-04-01,2.572
2003-04-02,2.555
2003-04-03,2.55
2003-04-04,2.565
2003-04-07,2.567
2003-04-08,2.566
2003-04-09,2.565
2003-04-10,2.565
2003-04-11,2.565
2003-04-14,2.57
2003-04-15,2.571
2003-04-16,2.569
2003-04-17,2.582
2003-04-22,2.593
2003-04-23,2.589
2003-04-24,2.591
2003-04-25,2.59
2003-04-28,2.593
2003-04-29,2.583
2003-04-30,2.583
2003-05-02,2.575
2003-05-05,2.573
2003-05-06,2.572
2003-05-07,2.558
2003-05-08,2.551
2003-05-09,2.566
2003-05-12,2.569
2003-05-13,2.571
2003-05-14,2.572
2003-05-15,2.573
2003-05-16,2.573
2003-05-19,2.573
2003-05-20,2.593
2003-05-21,2.676
2003-05-22,2.628
2003-05-23,2.617
2003-05-26,2.629
2003-05-27,2.659
2003-05-28,2.731
2003-05-29,2.783
2003-05-30,2.756
2003-06-02,2.685
2003-06-03,2.648
2003-06-04,2.292
2003-06-05,2.203
2003-06-06,2.157
2003-06-09,2.144
2003-06-10,2.147
2003-06-11,2.153
2003-06-12,2.157
2003-06-13,2.154
2003-06-16,2.153
2003-06-17,2.152
2003-06-18,2.148
2003-06-19,2.149
2003-06-20,2.182
2003-06-23,2.183
2003-06-24,2.188
2003-06-25,2.176
2003-06-26,2.177
2003-06-27,2.154
2003-06-30,2.152
2003-07-01,2.148
2003-07-02,2.144
2003-07-03,2.141
2003-07-04,2.14
2003-07-07,2.138
2003-07-08,2.133
2003-07-09,2.125
2003-07-10,2.122
2003-07-11,2.119
2003-07-14,2.12
2003-07-15,2.121
2003-07-16,2.12
2003-07-17,2.119
2003-07-18,2.115
2003-07-21,2.109
2003-07-22,2.109
2003-07-23,2.11
2003-07-24,2.11
2003-07-25,2.107
2003-07-28,2.106
2003-07-29,2.104
2003-07-30,2.103
2003-07-31,2.102
2003-08-01,2.102
2003-08-04,2.103
2003-08-05,2.102
2003-08-06,2.092
2003-08-07,2.089
2003-08-08,2.089
2003-08-11,2.087
2003-08-12,2.089
2003-08-13,2.09
2003-08-14,2.091
2003-08-15,2.091
2003-08-18,2.093
2003-08-19,2.095
2003-08-20,2.102
2003-08-21,2.124
2003-08-22,2.124
2003-08-25,2.125
2003-08-26,2.125
2003-08-27,2.137
2003-08-28,2.124
2003-08-29,2.122
2003-09-01,2.119
2003-09-02,2.116
2003-09-03,2.113
2003-09-04,2.112
2003-09-05,2.112
2003-09-08,2.108
2003-09-09,2.107
2003-09-10,2.105
2003-09-11,2.104
2003-09-12,2.104
2003-09-15,2.103
2003-09-16,2.105
2003-09-17,2.099
2003-09-18,2.091
2003-09-19,2.084
2003-09-22,2.112
2003-09-23,2.113
2003-09-24,2.114
2003-09-25,2.113
2003-09-26,2.113
2003-09-29,2.103
2003-09-30,2.094
2003-10-01,2.088
2003-10-02,2.084
2003-10-03,2.085
2003-10-06,2.087
2003-10-07,2.087
2003-10-08,2.087
2003-10-09,2.087
2003-10-10,2.086
2003-10-13,2.085
2003-10-14,2.085
2003-10-15,2.083
2003-10-16,2.081
2003-10-17,2.069
2003-10-20,2.047
2003-10-21,2.061
2003-10-22,2.073
2003-10-23,2.092
2003-10-24,2.09
2003-10-27,2.092
2003-10-28,2.093
2003-10-29,2.093
2003-10-30,2.083
2003-10-31,2.081
2003-11-03,2.08
2003-11-04,2.079
2003-11-05,2.074
2003-11-06,2.072
2003-11-07,2.071
2003-11-10,2.071
2003-11-11,2.067
2003-11-12,2.065
2003-11-13,2.035
2003-11-14,2.008
2003-11-17,2.032
2003-11-18,2.04
2003-11-19,1.961
2003-11-20,2.07
2003-11-21,2.072
2003-11-24,2.072
2003-11-25,2.075
2003-11-26,2.113
2003-11-27,2.093
2003-11-28,2.091
2003-12-01,2.083
2003-12-02,2.079
2003-12-03,2.067
2003-12-04,2.065
2003-12-05,2.064
2003-12-08,2.063
2003-12-09,2.058
2003-12-10,2.058
2003-12-11,2.059
2003-12-12,2.063
2003-12-15,2.064
2003-12-16,2.068
2003-12-17,2.001
2003-12-18,2.01
2003-12-19,2.048
2003-12-22,2.103
2003-12-23,2.214
2003-12-24,2.22
2003-12-29,2.245
2004-01-02,2.087
2004-01-05,2.077
2004-01-06,2.074
2004-01-07,2.067
2004-01-08,2.065
2004-01-09,2.064
2004-01-12,2.064
2004-01-13,2.063
2004-01-14,2.039
2004-01-15,2.026
2004-01-16,2.026
2004-01-19,2.043
2004-01-20,2.046
2004-01-21,2.072
2004-01-22,2.074
2004-01-23,2.074
2004-01-26,2.077
2004-01-27,2.078
2004-01-28,2.077
2004-01-29,2.068
2004-01-30,2.065
2004-02-02,2.064
2004-02-03,2.063
2004-02-04,2.055
2004-02-05,2.051
2004-02-06,2.051
2004-02-09,2.046
2004-02-10,2.045
2004-02-11,2.045
2004-02-12,2.046
2004-02-13,2.045
2004-02-16,2.044
2004-02-17,2.044
2004-02-18,2.043
2004-02-19,2.047
2004-02-20,2.049
2004-02-23,2.083
2004-02-24,2.081
2004-02-25,2.082
2004-02-26,2.063
2004-02-27,2.06
2004-03-01,2.058
2004-03-02,2.054
2004-03-03,2.032
2004-03-04,2.006
2004-03-05,2.029
2004-03-08,2.045
2004-03-09,2.048
2004-03-10,2.046
2004-03-11,2.045
2004-03-12,2.045
2004-03-15,2.045
2004-03-16,2.044
2004-03-17,2.038
2004-03-18,2.033
2004-03-19,2.038
2004-03-22,2.045
2004-03-23,2.055
2004-03-24,2.078
2004-03-25,2.076
2004-03-26,2.074
2004-03-29,2.073
2004-03-30,2.049
2004-03-31,2.031
2004-04-01,2.033
2004-04-02,2.045
2004-04-05,2.047
2004-04-06,2.051
2004-04-07,2.051
2004-04-08,2.051
2004-04-13,2.052
2004-04-14,2.053
2004-04-15,2.052
2004-04-16,2.053
2004-04-19,2.053
2004-04-20,2.051
2004-04-21,2.049
2004-04-22,2.054
2004-04-23,2.055
2004-04-26,2.056
2004-04-27,2.059
2004-04-28,2.061
2004-04-29,2.062
2004-04-30,2.055
2004-05-03,2.054
2004-05-04,2.054
2004-05-05,2.061
2004-05-06,2.056
2004-05-07,2.024
2004-05-10,2.044
2004-05-11,2.047
2004-05-12,2.047
2004-05-13,2.048
2004-05-14,2.048
2004-05-17,2.05
2004-05-18,2.05
2004-05-19,2.049
2004-05-20,2.048
2004-05-21,2.051
2004-05-24,2.053
2004-05-25,2.054
2004-05-26,2.054
2004-05-27,2.054
2004-05-28,2.054
2004-05-31,2.055
2004-06-01,2.055
2004-06-02,2.062
2004-06-03,2.072
2004-06-04,2.086
2004-06-07,2.066
2004-06-08,2.056
2004-06-09,2.056
2004-06-10,2.054
2004-06-11,2.054
2004-06-14,2.055
2004-06-15,2.056
2004-06-16,2.055
2004-06-17,2.055
2004-06-18,2.055
2004-06-21,2.054
2004-06-22,2.082
2004-06-23,2.083
2004-06-24,2.083
2004-06-25,2.088
2004-06-28,2.088
2004-06-29,2.073
2004-06-30,2.069
2004-07-01,2.069
2004-07-02,2.071
2004-07-05,2.071
2004-07-06,2.066
2004-07-07,2.064
2004-07-08,2.063
2004-07-09,2.063
2004-07-12,2.064
2004-07-13,2.063
2004-07-14,2.063
2004-07-15,2.063
2004-07-16,2.064
2004-07-19,2.064
2004-07-20,2.064
2004-07-21,2.064
2004-07-22,2.079
2004-07-23,2.08
2004-07-26,2.08
2004-07-27,2.079
2004-07-28,2.081
2004-07-29,2.069
2004-07-30,2.068
2004-08-02,2.065
2004-08-03,2.071
2004-08-04,2.072
2004-08-05,2.049
2004-08-06,2.05
2004-08-09,2.062
2004-08-10,2.064
2004-08-11,2.063
2004-08-12,2.064
2004-08-13,2.064
2004-08-16,2.063
2004-08-17,2.063
2004-08-18,2.064
2004-08-19,2.063
2004-08-20,2.064
2004-08-23,2.071
2004-08-24,2.072
2004-08-25,2.072
2004-08-26,2.072
2004-08-27,2.073
2004-08-30,2.072
2004-08-31,2.069
2004-09-01,2.066
2004-09-02,2.059
2004-09-03,2.058
2004-09-06,2.063
2004-09-07,2.063
2004-09-08,2.062
2004-09-09,2.062
2004-09-10,2.064
2004-09-13,2.064
2004-09-14,2.063
2004-09-15,2.064
2004-09-16,2.065
2004-09-17,2.064
2004-09-20,2.064
2004-09-21,2.063
2004-09-22,2.076
2004-09-23,2.077
2004-09-24,2.075
2004-09-27,2.075
2004-09-28,2.075
2004-09-29,2.073
2004-09-30,2.072
2004-10-01,2.072
2004-10-04,2.077
2004-10-05,2.093
2004-10-06,2.117
2004-10-07,2.092
2004-10-08,2.076
2004-10-11,2.074
2004-10-12,2.073
2004-10-13,2.075
2004-10-14,2.074
2004-10-15,2.074
2004-10-18,2.074
2004-10-19,2.076
2004-10-20,2.079
2004-10-21,2.086
2004-10-22,2.087
2004-10-25,2.087
2004-10-26,2.087
2004-10-27,2.092
2004-10-28,2.085
2004-10-29,2.087
2004-11-01,2.084
2004-11-02,2.086
2004-11-03,2.099
2004-11-04,2.116
2004-11-05,2.087
2004-11-08,2.086
2004-11-09,2.084
2004-11-10,2.085
2004-11-11,2.088
2004-11-12,2.091
2004-11-15,2.091
2004-11-16,2.092
2004-11-17,2.093
2004-11-18,2.094
2004-11-19,2.095
2004-11-22,2.099
2004-11-23,2.101
2004-11-24,2.102
2004-11-25,2.103
2004-11-26,2.106
2004-11-29,2.103
2004-11-30,2.102
2004-12-01,2.076
2004-12-02,2.047
2004-12-03,2.063
2004-12-06,2.08
2004-12-07,2.09
2004-12-08,2.088
2004-12-09,2.093
2004-12-10,2.1
2004-12-13,2.128
2004-12-14,2.134
2004-12-15,2.12
2004-12-16,2.116
2004-12-17,2.115
2004-12-20,2.109
2004-12-21,2.114
2004-12-22,2.113
2004-12-23,2.251
2004-12-24,2.248
2004-12-27,2.244
2004-12-28,2.239
2004-12-29,2.241
2004-12-30,2.114
2004-12-31,2.112
2005-01-03,2.112
2005-01-04,2.112
2005-01-05,2.105
2005-01-06,2.104
2005-01-07,2.102
2005-01-10,2.104
2005-01-11,2.108
2005-01-12,2.103
2005-01-13,2.07
2005-01-14,2.074
2005-01-17,2.096
2005-01-18,2.097
2005-01-19,2.101
2005-01-20,2.1
2005-01-21,2.101
2005-01-24,2.102
2005-01-25,2.102
2005-01-26,2.103
2005-01-27,2.101
2005-01-28,2.098
2005-01-31,2.099
2005-02-01,2.095
2005-02-02,2.06
2005-02-03,2.084
2005-02-04,2.097
2005-02-07,2.095
2005-02-08,2.096
2005-02-09,2.095
2005-02-10,2.096
2005-02-11,2.094
2005-02-14,2.094
2005-02-15,2.093
2005-02-16,2.089
2005-02-17,2.089
2005-02-18,2.089
2005-02-21,2.086
2005-02-22,2.088
2005-02-23,2.088
2005-02-24,2.088
2005-02-25,2.088
2005-02-28,2.09
2005-03-01,2.091
2005-03-02,2.089
2005-03-03,2.082
2005-03-04,2.078
2005-03-07,2.079
2005-03-08,2.081
2005-03-09,2.081
2005-03-10,2.081
2005-03-11,2.082
2005-03-14,2.082
2005-03-15,2.083
2005-03-16,2.082
2005-03-17,2.084
2005-03-18,2.086
2005-03-21,2.086
2005-03-22,2.089
2005-03-23,2.091
2005-03-24,2.094
2005-03-29,2.095
2005-03-30,2.094
2005-03-31,2.093
2005-04-01,2.092
2005-04-04,2.092
2005-04-05,2.092
2005-04-06,2.092
2005-04-07,2.091
2005-04-08,2.092
2005-04-11,2.091
2005-04-12,2.091
2005-04-13,2.092
2005-04-14,2.092
2005-04-15,2.092
2005-04-18,2.092
2005-04-19,2.092
2005-04-20,2.09
2005-04-21,2.092
2005-04-22,2.092
2005-04-25,2.093
2005-04-26,2.094
2005-04-27,2.094
2005-04-28,2.093
2005-04-29,2.093
2005-05-02,2.092
2005-05-03,2.093
2005-05-04,2.101
2005-05-05,2.103
2005-05-06,2.097
2005-05-09,2.093
2005-05-10,2.093
2005-05-11,2.093
2005-05-12,2.092
2005-05-13,2.092
2005-05-16,2.092
2005-05-17,2.092
2005-05-18,2.092
2005-05-19,2.092
2005-05-20,2.092
2005-05-23,2.093
2005-05-24,2.094
2005-05-25,2.095
2005-05-26,2.099
2005-05-27,2.1
2005-05-30,2.1
2005-05-31,2.1
2005-06-01,2.099
2005-06-02,2.099
2005-06-03,2.095
2005-06-06,2.091
2005-06-07,2.094
2005-06-08,2.094
2005-06-09,2.094
2005-06-10,2.093
2005-06-13,2.093
2005-06-14,2.095
2005-06-15,2.094
2005-06-16,2.093
2005-06-17,2.093
2005-06-20,2.093
2005-06-21,2.094
2005-06-22,2.098
2005-06-23,2.101
2005-06-24,2.108
2005-06-27,2.109
2005-06-28,2.111
2005-06-29,2.101
2005-06-30,2.098
2005-07-01,2.099
2005-07-04,2.099
2005-07-05,2.098
2005-07-06,2.099
2005-07-07,2.095
2005-07-08,2.1
2005-07-11,2.095
2005-07-12,2.095
2005-07-13,2.096
2005-07-14,2.098
2005-07-15,2.098
2005-07-18,2.098
2005-07-19,2.098
2005-07-20,2.098
2005-07-21,2.101
2005-07-22,2.101
2005-07-25,2.101
2005-07-26,2.101
2005-07-27,2.103
2005-07-28,2.101
2005-07-29,2.101
2005-08-01,2.098
2005-08-02,2.098
2005-08-03,2.101
2005-08-04,2.101
2005-08-05,2.101
2005-08-08,2.101
2005-08-09,2.102
2005-08-10,2.101
2005-08-11,2.101
2005-08-12,2.101
2005-08-15,2.102
2005-08-16,2.102
2005-08-17,2.102
2005-08-18,2.1
2005-08-19,2.099
2005-08-22,2.099
2005-08-23,2.102
2005-08-24,2.102
2005-08-25,2.103
2005-08-26,2.102
2005-08-29,2.102
2005-08-30,2.102
2005-08-31,2.102
2005-09-01,2.101
2005-09-02,2.102
2005-09-05,2.103
2005-09-06,2.101
2005-09-07,2.104
2005-09-08,2.103
2005-09-09,2.102
2005-09-12,2.102
2005-09-13,2.102
2005-09-14,2.103
2005-09-15,2.103
2005-09-16,2.103
2005-09-19,2.103
2005-09-20,2.102
2005-09-21,2.103
2005-09-22,2.113
2005-09-23,2.117
2005-09-26,2.12
2005-09-27,2.122
2005-09-28,2.129
2005-09-29,2.108
2005-09-30,2.107
2005-10-03,2.104
2005-10-04,2.106
2005-10-05,2.11
2005-10-06,2.112
2005-10-07,2.104
2005-10-10,2.105
2005-10-11,2.105
2005-10-12,2.104
2005-10-13,2.103
2005-10-14,2.103
2005-10-17,2.101
2005-10-18,2.102
2005-10-19,2.1
2005-10-20,2.096
2005-10-21,2.101
2005-10-24,2.1
2005-10-25,2.101
2005-10-26,2.104
2005-10-27,2.104
2005-10-28,2.1
2005-10-31,2.099
2005-11-01,2.092
2005-11-02,2.088
2005-11-03,2.098
2005-11-04,2.095
2005-11-07,2.105
2005-11-08,2.099
2005-11-09,2.098
2005-11-10,2.098
2005-11-11,2.097
2005-11-14,2.096
2005-11-15,2.1
2005-11-16,2.102
2005-11-17,2.101
2005-11-18,2.101
2005-11-21,2.116
2005-11-22,2.18
2005-11-23,2.22
2005-11-24,2.203
2005-11-25,2.156
2005-11-28,2.162
2005-11-29,2.206
2005-11-30,2.138
2005-12-01,2.304
2005-12-02,2.343
2005-12-05,2.344
2005-12-06,2.344
2005-12-07,2.343
2005-12-08,2.343
2005-12-09,2.344
2005-12-12,2.344
2005-12-13,2.345
2005-12-14,2.345
2005-12-15,2.348
2005-12-16,2.352
2005-12-19,2.352
2005-12-20,2.358
2005-12-21,2.357
2005-12-22,2.469
2005-12-23,2.472
2005-12-27,2.481
2005-12-28,2.488
2005-12-29,2.368
2005-12-30,2.362
2006-01-03,2.362
2006-01-04,2.362
2006-01-05,2.36
2006-01-06,2.361
2006-01-09,2.36
2006-01-10,2.361
2006-01-11,2.36
2006-01-12,2.359
2006-01-13,2.342
2006-01-16,2.352
2006-01-17,2.354
2006-01-18,2.354
2006-01-19,2.354
2006-01-20,2.354
2006-01-23,2.357
2006-01-24,2.358
2006-01-25,2.36
2006-01-26,2.358
2006-01-27,2.355
2006-01-30,2.355
2006-01-31,2.354
2006-02-01,2.355
2006-02-02,2.363
2006-02-03,2.368
2006-02-06,2.365
2006-02-07,2.364
2006-02-08,2.364
2006-02-09,2.365
2006-02-10,2.365
2006-02-13,2.365
2006-02-14,2.365
2006-02-15,2.366
2006-02-16,2.369
2006-02-17,2.367
2006-02-20,2.372
2006-02-21,2.375
2006-02-22,2.374
2006-02-23,2.388
2006-02-24,2.392
2006-02-27,2.394
2006-02-28,2.414
2006-03-01,2.452
2006-03-02,2.543
2006-03-03,2.583
2006-03-06,2.602
2006-03-07,2.604
2006-03-08,2.609
2006-03-09,2.606
2006-03-10,2.604
2006-03-13,2.604
2006-03-14,2.604
2006-03-15,2.604
2006-03-16,2.605
2006-03-17,2.609
2006-03-20,2.611
2006-03-21,2.612
2006-03-22,2.611
2006-03-23,2.628
2006-03-24,2.63
2006-03-27,2.631
2006-03-28,2.631
2006-03-29,2.637
2006-03-30,2.624
2006-03-31,2.622
2006-04-03,2.614
2006-04-04,2.615
2006-04-05,2.635
2006-04-06,2.653
2006-04-07,2.643
2006-04-10,2.63
2006-04-11,2.628
2006-04-12,2.623
2006-04-13,2.621
2006-04-18,2.62
2006-04-19,2.624
2006-04-20,2.633
2006-04-21,2.643
2006-04-24,2.648
2006-04-25,2.651
2006-04-26,2.66
2006-04-27,2.643
2006-04-28,2.637
2006-05-02,2.636
2006-05-03,2.635
2006-05-04,2.59
2006-05-05,2.595
2006-05-08,2.614
2006-05-09,2.613
2006-05-10,2.614
2006-05-11,2.618
2006-05-12,2.623
2006-05-15,2.625
2006-05-16,2.625
2006-05-17,2.624
2006-05-18,2.623
2006-05-19,2.623
2006-05-22,2.623
2006-05-23,2.628
2006-05-24,2.626
2006-05-25,2.625
2006-05-26,2.625
2006-05-29,2.626
2006-05-30,2.629
2006-05-31,2.625
2006-06-01,2.621
2006-06-02,2.612
2006-06-05,2.596
2006-06-06,2.591
2006-06-07,2.566
2006-06-08,2.719
2006-06-09,2.754
2006-06-12,2.804
2006-06-13,2.859
2006-06-14,2.857
2006-06-15,2.857
2006-06-16,2.862
2006-06-19,2.861
2006-06-20,2.863
2006-06-21,2.863
2006-06-22,2.889
2006-06-23,2.889
2006-06-26,2.89
2006-06-27,2.891
2006-06-28,2.893
2006-06-29,2.855
2006-06-30,2.846
2006-07-03,2.84
2006-07-04,2.832
2006-07-05,2.823
2006-07-06,2.841
2006-07-07,2.842
2006-07-10,2.849
2006-07-11,2.849
2006-07-12,2.851
2006-07-13,2.852
2006-07-14,2.852
2006-07-17,2.852
2006-07-18,2.852
2006-07-19,2.852
2006-07-20,2.851
2006-07-21,2.854
2006-07-24,2.852
2006-07-25,2.849
2006-07-26,2.845
2006-07-27,2.837
2006-07-28,2.818
2006-07-31,2.811
2006-08-01,2.835
2006-08-02,2.854
2006-08-03,2.997
2006-08-04,3.038
2006-08-07,3.088
2006-08-08,3.092
2006-08-09,3.092
2006-08-10,3.092
2006-08-11,3.091
2006-08-14,3.091
2006-08-15,3.091
2006-08-16,3.092
2006-08-17,3.091
2006-08-18,3.091
2006-08-21,3.089
2006-08-22,3.086
2006-08-23,3.082
2006-08-24,3.061
2006-08-25,3.043
2006-08-28,3.042
2006-08-29,3.051
2006-08-30,3.046
2006-08-31,3.062
2006-09-01,3.071
2006-09-04,3.074
2006-09-05,3.08
2006-09-06,3.082
2006-09-07,3.082
2006-09-08,3.079
2006-09-11,3.078
2006-09-12,3.077
2006-09-13,3.077
2006-09-14,3.075
2006-09-15,3.073
2006-09-18,3.074
2006-09-19,3.073
2006-09-20,3.07
2006-09-21,3.062
2006-09-22,3.059
2006-09-25,3.058
2006-09-26,3.06
2006-09-27,3.088
2006-09-28,3.078
2006-09-29,3.083
2006-10-02,3.082
2006-10-03,3.158
2006-10-04,3.228
2006-10-05,3.295
2006-10-06,3.305
2006-10-09,3.332
2006-10-10,3.334
2006-10-11,3.334
2006-10-12,3.334
2006-10-13,3.334
2006-10-16,3.333
2006-10-17,3.334
2006-10-18,3.337
2006-10-19,3.343
2006-10-20,3.349
2006-10-23,3.352
2006-10-24,3.353
2006-10-25,3.362
2006-10-26,3.363
2006-10-27,3.366
2006-10-30,3.368
2006-10-31,3.365
2006-11-01,3.346
2006-11-02,3.359
2006-11-03,3.362
2006-11-06,3.356
2006-11-07,3.352
2006-11-08,3.351
2006-11-09,3.35
2006-11-10,3.354
2006-11-13,3.352
2006-11-14,3.352
2006-11-15,3.348
2006-11-16,3.35
2006-11-17,3.346
2006-11-20,3.345
2006-11-21,3.336
2006-11-22,3.336
2006-11-23,3.336
2006-11-24,3.337
2006-11-27,3.336
2006-11-28,3.336
2006-11-29,3.336
2006-11-30,3.336
2006-12-01,3.335
2006-12-04,3.335
2006-12-05,3.365
2006-12-06,3.402
2006-12-07,3.503
2006-12-08,3.551
2006-12-11,3.591
2006-12-12,3.596
2006-12-13,3.595
2006-12-14,3.6
2006-12-15,3.612
2006-12-18,3.619
2006-12-19,3.626
2006-12-20,3.634
2006-12-21,3.741
2006-12-22,3.749
2006-12-27,3.745
2006-12-28,3.633
2006-12-29,3.624
2007-01-02,3.614
2007-01-03,3.614
2007-01-04,3.613
2007-01-05,3.608
2007-01-08,3.602
2007-01-09,3.592
2007-01-10,3.569
2007-01-11,3.576
2007-01-12,3.578
2007-01-15,3.592
2007-01-16,3.593
2007-01-17,3.594
2007-01-18,3.592
2007-01-19,3.592
2007-01-22,3.592
2007-01-23,3.593
2007-01-24,3.594
2007-01-25,3.595
2007-01-26,3.594
2007-01-29,3.593
2007-01-30,3.592
2007-01-31,3.588
2007-02-01,3.587
2007-02-02,3.586
2007-02-05,3.583
2007-02-06,3.574
2007-02-07,3.567
2007-02-08,3.579
2007-02-09,3.584
2007-02-12,3.584
2007-02-13,3.585
2007-02-14,3.585
2007-02-15,3.586
2007-02-16,3.586
2007-02-19,3.589
2007-02-20,3.592
2007-02-21,3.592
2007-02-22,3.592
2007-02-23,3.591
2007-02-26,3.592
2007-02-27,3.591
2007-02-28,3.587
2007-03-01,3.583
2007-03-02,3.58
2007-03-05,3.576
2007-03-06,3.601
2007-03-07,3.645
2007-03-08,3.753
2007-03-09,3.794
2007-03-12,3.83
2007-03-13,3.834
2007-03-14,3.835
2007-03-15,3.834
2007-03-16,3.838
2007-03-19,3.838
2007-03-20,3.838
2007-03-21,3.839
2007-03-22,3.857
2007-03-23,3.859
2007-03-26,3.861
2007-03-27,3.862
2007-03-28,3.87
2007-03-29,3.857
2007-03-30,3.857
2007-04-02,3.855
2007-04-03,3.857
2007-04-04,3.85
2007-04-05,3.84
2007-04-10,3.841
2007-04-11,3.836
2007-04-12,3.837
2007-04-13,3.828
2007-04-16,3.837
2007-04-17,3.84
2007-04-18,3.842
2007-04-19,3.843
2007-04-20,3.849
2007-04-23,3.851
2007-04-24,3.852
2007-04-25,3.852
2007-04-26,3.853
2007-04-27,3.848
2007-04-30,3.848
2007-05-02,3.848
2007-05-03,3.847
2007-05-04,3.844
2007-05-07,3.844
2007-05-08,3.837
2007-05-09,3.8
2007-05-10,3.839
2007-05-11,3.849
2007-05-14,3.851
2007-05-15,3.852
2007-05-16,3.853
2007-05-17,3.852
2007-05-18,3.853
2007-05-21,3.852
2007-05-22,3.853
2007-05-23,3.86
2007-05-24,3.861
2007-05-25,3.859
2007-05-28,3.853
2007-05-29,3.858
2007-05-30,3.853
2007-05-31,3.841
2007-06-01,3.806
2007-06-04,3.795
2007-06-05,3.835
2007-06-06,3.822
2007-06-07,4.002
2007-06-08,4.065
2007-06-11,4.095
2007-06-12,4.094
2007-06-13,4.098
2007-06-14,4.098
2007-06-15,4.096
2007-06-18,4.094
2007-06-19,4.092
2007-06-20,4.092
2007-06-21,4.122
2007-06-22,4.123
2007-06-25,4.122
2007-06-26,4.123
2007-06-27,4.129
2007-06-28,4.085
2007-06-29,4.084
2007-07-02,4.076
2007-07-03,4.068
2007-07-04,4.045
2007-07-05,4.077
2007-07-06,4.084
2007-07-09,4.085
2007-07-10,4.085
2007-07-11,4.091
2007-07-12,4.091
2007-07-13,4.091
2007-07-16,4.09
2007-07-17,4.089
2007-07-18,4.089
2007-07-19,4.089
2007-07-20,4.089
2007-07-23,4.095
2007-07-24,4.096
2007-07-25,4.096
2007-07-26,4.091
2007-07-27,4.086
2007-07-30,4.075
2007-07-31,4.075
2007-08-01,4.074
2007-08-02,4.079
2007-08-03,4.088
2007-08-06,4.092
2007-08-07,4.099
2007-08-08,4.105
2007-08-09,4.244
2007-08-10,4.225
2007-08-13,4.213
2007-08-14,4.199
2007-08-15,4.134
2007-08-16,4.125
2007-08-17,4.132
2007-08-20,4.135
2007-08-21,4.131
2007-08-22,4.139
2007-08-23,4.136
2007-08-24,4.156
2007-08-27,4.117
2007-08-28,4.11
2007-08-29,4.142
2007-08-30,4.167
2007-08-31,4.202
2007-09-03,4.208
2007-09-04,4.278
2007-09-05,4.419
2007-09-06,4.248
2007-09-07,4.154
2007-09-10,4.19
2007-09-11,4.21
2007-09-12,4.224
2007-09-13,4.136
2007-09-14,4.103
2007-09-17,4.14
2007-09-18,4.161
2007-09-19,4.193
2007-09-20,4.247
2007-09-21,4.258
2007-09-24,4.272
2007-09-25,4.315
2007-09-26,4.36
2007-09-27,4.224
2007-09-28,4.137
2007-10-01,4.101
2007-10-02,4.107
2007-10-03,4.089
2007-10-04,4.088
2007-10-05,4.115
2007-10-08,4.119
2007-10-09,4.136
2007-10-10,4.082
2007-10-11,4.036
2007-10-12,4.051
2007-10-15,4.081
2007-10-16,4.095
2007-10-17,4.097
2007-10-18,4.093
2007-10-19,4.09
2007-10-22,4.099
2007-10-23,4.113
2007-10-24,4.117
2007-10-25,4.113
2007-10-26,4.117
2007-10-29,4.125
2007-10-30,4.123
2007-10-31,4.12
2007-11-01,4.109
2007-11-02,4.103
2007-11-05,4.102
2007-11-06,4.101
2007-11-07,4.102
2007-11-08,4.103
2007-11-09,4.099
2007-11-12,4.101
2007-11-13,4.118
2007-11-14,4.115
2007-11-15,4.109
2007-11-16,4.109
2007-11-19,4.115
2007-11-20,4.133
2007-11-21,4.143
2007-11-22,4.169
2007-11-23,4.174
2007-11-26,4.145
2007-11-27,4.154
2007-11-28,4.128
2007-11-29,4.106
2007-11-30,4.109
2007-12-03,4.108
2007-12-04,4.11
2007-12-05,4.093
2007-12-06,4.06
2007-12-07,4.081
2007-12-10,4.122
2007-12-11,4.13
2007-12-12,4.129
2007-12-13,4.126
2007-12-14,4.113
2007-12-17,4.07
2007-12-18,4.061
2007-12-19,4.025
2007-12-20,4.018
2007-12-21,4.548
2007-12-24,4.527
2007-12-27,4.482
2007-12-28,4.163
2007-12-31,4.141
2008-01-02,4.124
2008-01-03,4.128
2008-01-04,4.139
2008-01-07,4.141
2008-01-08,4.146
2008-01-09,4.186
2008-01-10,4.144
2008-01-11,4.131
2008-01-14,4.139
2008-01-15,4.146
2008-01-16,4.136
2008-01-17,4.126
2008-01-18,4.118
2008-01-21,4.119
2008-01-22,4.113
2008-01-23,4.106
2008-01-24,4.115
2008-01-25,4.124
2008-01-28,4.13
2008-01-29,4.135
2008-01-30,4.156
2008-01-31,4.154
2008-02-01,4.152
2008-02-04,4.15
2008-02-05,4.145
2008-02-06,4.119
2008-02-07,4.109
2008-02-08,4.108
2008-02-11,4.106
2008-02-12,4.117
2008-02-13,4.117
2008-02-14,4.114
2008-02-15,4.114
2008-02-18,4.115
2008-02-19,4.116
2008-02-20,4.112
2008-02-21,4.118
2008-02-22,4.116
2008-02-25,4.117
2008-02-26,4.126
2008-02-27,4.128
2008-02-28,4.115
2008-02-29,4.111
2008-03-03,4.111
2008-03-04,4.113
2008-03-05,4.11
2008-03-06,4.107
2008-03-07,4.111
2008-03-10,4.131
2008-03-11,4.14
2008-03-12,4.142
2008-03-13,4.141
2008-03-14,4.15
2008-03-17,4.161
2008-03-18,4.184
2008-03-19,4.268
2008-03-20,4.279
2008-03-25,4.315
2008-03-26,4.338
2008-03-27,4.334
2008-03-28,4.253
2008-03-31,4.244
2008-04-01,4.247
2008-04-02,4.24
2008-04-03,4.216
2008-04-04,4.209
2008-04-07,4.201
2008-04-08,4.207
2008-04-09,4.238
2008-04-10,4.232
2008-04-11,4.227
2008-04-14,4.231
2008-04-15,4.236
2008-04-16,4.226
2008-04-17,4.223
2008-04-18,4.222
2008-04-21,4.22
2008-04-22,4.273
2008-04-23,4.255
2008-04-24,4.253
2008-04-25,4.255
2008-04-28,4.266
2008-04-29,4.257
2008-04-30,4.264
2008-05-02,4.264
2008-05-05,4.267
2008-05-06,4.26
2008-05-07,4.255
2008-05-08,4.241
2008-05-09,4.212
2008-05-12,4.198
2008-05-13,4.233
2008-05-14,4.216
2008-05-15,4.199
2008-05-16,4.184
2008-05-19,4.188
2008-05-20,4.192
2008-05-21,4.184
2008-05-22,4.219
2008-05-23,4.221
2008-05-26,4.224
2008-05-27,4.228
2008-05-28,4.228
2008-05-29,4.213
2008-05-30,4.214
2008-06-02,4.209
2008-06-03,4.205
2008-06-04,4.176
2008-06-05,4.165
2008-06-06,4.159
2008-06-09,4.173
2008-06-10,4.186
2008-06-11,4.147
2008-06-12,4.141
2008-06-13,4.125
2008-06-16,4.132
2008-06-17,4.134
2008-06-18,4.131
2008-06-19,4.121
2008-06-20,4.428
2008-06-23,4.415
2008-06-24,4.377
2008-06-25,4.313
2008-06-26,4.256
2008-06-27,4.134
2008-06-30,4.139
2008-07-01,4.13
2008-07-02,4.136
2008-07-03,4.227
2008-07-04,4.277
2008-07-07,4.333
2008-07-08,4.348
2008-07-09,4.347
2008-07-10,4.344
2008-07-11,4.345
2008-07-14,4.346
2008-07-15,4.348
2008-07-16,4.355
2008-07-17,4.357
2008-07-18,4.358
2008-07-21,4.358
2008-07-22,4.361
2008-07-23,4.398
2008-07-24,4.402
2008-07-25,4.405
2008-07-28,4.407
2008-07-29,4.409
2008-07-30,4.39
2008-07-31,4.392
2008-08-01,4.394
2008-08-04,4.397
2008-08-05,4.396
2008-08-06,4.399
2008-08-07,4.397
2008-08-08,4.396
2008-08-11,4.393
2008-08-12,4.393
2008-08-13,4.392
2008-08-14,4.392
2008-08-15,4.392
2008-08-18,4.389
2008-08-19,4.388
2008-08-20,4.386
2008-08-21,4.405
2008-08-22,4.405
2008-08-25,4.408
2008-08-26,4.409
2008-08-27,4.405
2008-08-28,4.398
2008-08-29,4.398
2008-09-01,4.397
2008-09-02,4.404
2008-09-03,4.402
2008-09-04,4.402
2008-09-05,4.402
2008-09-08,4.402
2008-09-09,4.402
2008-09-10,4.402
2008-09-11,4.401
2008-09-12,4.401
2008-09-15,4.424
2008-09-16,4.494
2008-09-17,4.504
2008-09-18,4.527
2008-09-19,4.546
2008-09-22,4.649
2008-09-23,4.698
2008-09-24,4.741
2008-09-25,4.779
2008-09-26,4.792
2008-09-29,4.716
2008-09-30,4.839
2008-10-01,4.846
2008-10-02,4.848
2008-10-03,4.868
2008-10-06,4.885
2008-10-07,4.988
2008-10-08,5.019
2008-10-09,4.79
2008-10-10,4.629
2008-10-13,4.369
2008-10-14,4.201
2008-10-15,4.1
2008-10-16,4.052
2008-10-17,4.015
2008-10-20,3.974
2008-10-21,3.925
2008-10-22,3.931
2008-10-23,3.944
2008-10-24,3.921
2008-10-27,3.928
2008-10-28,3.908
2008-10-29,3.899
2008-10-30,3.857
2008-10-31,3.836
2008-11-03,3.811
2008-11-04,3.799
2008-11-05,3.767
2008-11-06,3.692
2008-11-07,3.484
2008-11-10,3.383
2008-11-11,3.327
2008-11-12,3.297
2008-11-13,3.276
2008-11-14,3.265
2008-11-17,3.254
2008-11-18,3.244
2008-11-19,3.228
2008-11-20,3.218
2008-11-21,3.196
2008-11-24,3.183
2008-11-25,3.172
2008-11-26,3.166
2008-11-27,3.159
2008-11-28,3.145
2008-12-01,3.132
2008-12-02,3.093
2008-12-03,3.038
2008-12-04,2.868
2008-12-05,2.697
2008-12-08,2.607
2008-12-09,2.556
2008-12-10,2.508
2008-12-11,2.465
2008-12-12,2.441
2008-12-15,2.427
2008-12-16,2.403
2008-12-17,2.368
2008-12-18,2.33
2008-12-19,2.299
2008-12-22,2.288
2008-12-23,2.518
2008-12-24,2.54
2008-12-29,2.515
2008-12-30,2.419
2008-12-31,2.387
2009-01-02,2.357
2009-01-05,2.33
2009-01-06,2.305
2009-01-07,2.275
2009-01-08,2.242
2009-01-09,2.217
2009-01-12,2.186
2009-01-13,2.157
2009-01-14,2.129
2009-01-15,2.013
2009-01-16,1.952
2009-01-19,1.885
2009-01-20,1.839
2009-01-21,1.701
2009-01-22,1.582
2009-01-23,1.493
2009-01-26,1.442
2009-01-27,1.435
2009-01-28,1.433
2009-01-29,1.433
2009-01-30,1.433
2009-02-02,1.421
2009-02-03,1.418
2009-02-04,1.406
2009-02-05,1.399
2009-02-06,1.391
2009-02-09,1.383
2009-02-10,1.382
2009-02-11,1.381
2009-02-12,1.378
2009-02-13,1.365
2009-02-16,1.359
2009-02-17,1.356
2009-02-18,1.346
2009-02-19,1.352
2009-02-20,1.349
2009-02-23,1.344
2009-02-24,1.342
2009-02-25,1.345
2009-02-26,1.337
2009-02-27,1.332
2009-03-02,1.324
2009-03-03,1.302
2009-03-04,1.282
2009-03-05,1.25
2009-03-06,1.169
2009-03-09,1.095
2009-03-10,1.054
2009-03-11,1.009
2009-03-12,0.981
2009-03-13,0.957
2009-03-16,0.941
2009-03-17,0.933
2009-03-18,0.931
2009-03-19,0.931
2009-03-20,0.932
2009-03-23,0.967
2009-03-24,0.992
2009-03-25,1.006
2009-03-26,1.019
2009-03-27,1.017
2009-03-30,1.01
2009-03-31,0.999
2009-04-01,0.981
2009-04-02,0.968
2009-04-03,0.947
2009-04-06,0.923
2009-04-07,0.898
2009-04-08,0.879
2009-04-09,0.871
2009-04-14,0.865
2009-04-15,0.862
2009-04-16,0.872
2009-04-17,0.888
2009-04-20,0.91
2009-04-21,0.924
2009-04-22,0.944
2009-04-23,0.944
2009-04-24,0.922
2009-04-27,0.903
2009-04-28,0.869
2009-04-29,0.823
2009-04-30,0.803
2009-05-04,0.773
2009-05-05,0.75
2009-05-06,0.734
2009-05-07,0.72
2009-05-08,0.706
2009-05-11,0.7
2009-05-12,0.706
2009-05-13,0.704
2009-05-14,0.696
2009-05-15,0.687
2009-05-18,0.684
2009-05-19,0.697
2009-05-20,0.8
2009-05-21,0.872
2009-05-22,0.906
2009-05-25,0.931
2009-05-26,0.944
2009-05-27,0.94
2009-05-28,0.925
2009-05-29,0.898
2009-06-01,0.882
2009-06-02,0.845
2009-06-03,0.814
2009-06-04,0.835
2009-06-05,0.859
2009-06-08,0.886
2009-06-09,0.911
2009-06-10,0.918
2009-06-11,0.916
2009-06-12,0.91
2009-06-15,0.907
2009-06-16,0.903
2009-06-17,0.9
2009-06-18,0.892
2009-06-19,0.877
2009-06-22,0.886
2009-06-23,0.867
2009-06-24,0.836
2009-06-25,0.599
2009-06-26,0.537
2009-06-29,0.513
2009-06-30,0.497
2009-07-01,0.47
2009-07-02,0.45
2009-07-03,0.439
2009-07-06,0.435
2009-07-07,0.434
2009-07-08,0.425
2009-07-09,0.411
2009-07-10,0.4
2009-07-13,0.393
2009-07-14,0.387
2009-07-15,0.376
2009-07-16,0.373
2009-07-17,0.369
2009-07-20,0.367
2009-07-21,0.362
2009-07-22,0.361
2009-07-23,0.365
2009-07-24,0.366
2009-07-27,0.364
2009-07-28,0.365
2009-07-29,0.366
2009-07-30,0.358
2009-07-31,0.354
2009-08-03,0.354
2009-08-04,0.353
2009-08-05,0.353
2009-08-06,0.353
2009-08-07,0.352
2009-08-10,0.353
2009-08-11,0.355
2009-08-12,0.352
2009-08-13,0.35
2009-08-14,0.352
2009-08-17,0.347
2009-08-18,0.346
2009-08-19,0.345
2009-08-20,0.342
2009-08-21,0.345
2009-08-24,0.343
2009-08-25,0.341
2009-08-26,0.343
2009-08-27,0.341
2009-08-28,0.341
2009-08-31,0.341
2009-09-01,0.341
2009-09-02,0.341
2009-09-03,0.339
2009-09-04,0.337
2009-09-07,0.336
2009-09-08,0.337
2009-09-09,0.338
2009-09-10,0.339
2009-09-11,0.34
2009-09-14,0.341
2009-09-15,0.341
2009-09-16,0.342
2009-09-17,0.34
2009-09-18,0.34
2009-09-21,0.34
2009-09-22,0.345
2009-09-23,0.349
2009-09-24,0.348
2009-09-25,0.349
2009-09-28,0.352
2009-09-29,0.35
2009-09-30,0.35
2009-10-01,0.35
2009-10-02,0.351
2009-10-05,0.349
2009-10-06,0.351
2009-10-07,0.35
2009-10-08,0.352
2009-10-09,0.352
2009-10-12,0.351
2009-10-13,0.353
2009-10-14,0.35
2009-10-15,0.35
2009-10-16,0.351
2009-10-19,0.35
2009-10-20,0.349
2009-10-21,0.348
2009-10-22,0.351
2009-10-23,0.351
2009-10-26,0.352
2009-10-27,0.354
2009-10-28,0.352
2009-10-29,0.354
2009-10-30,0.353
2009-11-02,0.357
2009-11-03,0.356
2009-11-04,0.356
2009-11-05,0.357
2009-11-06,0.359
2009-11-09,0.36
2009-11-10,0.361
2009-11-11,0.364
2009-11-12,0.363
2009-11-13,0.362
2009-11-16,0.364
2009-11-17,0.364
2009-11-18,0.364
2009-11-19,0.365
2009-11-20,0.369
2009-11-23,0.37
2009-11-24,0.371
2009-11-25,0.371
2009-11-26,0.373
2009-11-27,0.374
2009-11-30,0.377
2009-12-01,0.379
2009-12-02,0.378
2009-12-03,0.383
2009-12-04,0.382
2009-12-07,0.383
2009-12-08,0.383
2009-12-09,0.382
2009-12-10,0.382
2009-12-11,0.381
2009-12-14,0.381
2009-12-15,0.381
2009-12-16,0.381
2009-12-17,0.377
2009-12-18,0.374
2009-12-21,0.371
2009-12-22,0.367
2009-12-23,0.412
2009-12-24,0.429
2009-12-28,0.43
2009-12-29,0.431
2009-12-30,0.389
2009-12-31,0.377
2010-01-04,0.369
2010-01-05,0.371
2010-01-06,0.367
2010-01-07,0.365
2010-01-08,0.362
2010-01-11,0.361
2010-01-12,0.359
2010-01-13,0.357
2010-01-14,0.356
2010-01-15,0.357
2010-01-18,0.354
2010-01-19,0.352
2010-01-20,0.349
2010-01-21,0.35
2010-01-22,0.348
2010-01-25,0.347
2010-01-26,0.346
2010-01-27,0.345
2010-01-28,0.344
2010-01-29,0.344
2010-02-01,0.347
2010-02-02,0.348
2010-02-03,0.347
2010-02-04,0.347
2010-02-05,0.348
2010-02-08,0.344
2010-02-09,0.344
2010-02-10,0.345
2010-02-11,0.344
2010-02-12,0.344
2010-02-15,0.343
2010-02-16,0.343
2010-02-17,0.343
2010-02-18,0.344
2010-02-19,0.345
2010-02-22,0.344
2010-02-23,0.344
2010-02-24,0.344
2010-02-25,0.343
2010-02-26,0.341
2010-03-01,0.344
2010-03-02,0.343
2010-03-03,0.343
2010-03-04,0.343
2010-03-05,0.344
2010-03-08,0.343
2010-03-09,0.343
2010-03-10,0.342
2010-03-11,0.34
2010-03-12,0.339
2010-03-15,0.337
2010-03-16,0.338
2010-03-17,0.336
2010-03-18,0.336
2010-03-19,0.336
2010-03-22,0.337
2010-03-23,0.342
2010-03-24,0.343
2010-03-25,0.343
2010-03-26,0.344
2010-03-29,0.343
2010-03-30,0.341
2010-03-31,0.34
2010-04-01,0.344
2010-04-06,0.345
2010-04-07,0.346
2010-04-08,0.346
2010-04-09,0.346
2010-04-12,0.344
2010-04-13,0.346
2010-04-14,0.346
2010-04-15,0.345
2010-04-16,0.347
2010-04-19,0.345
2010-04-20,0.346
2010-04-21,0.346
2010-04-22,0.347
2010-04-23,0.347
2010-04-26,0.347
2010-04-27,0.348
2010-04-28,0.349
2010-04-29,0.349
2010-04-30,0.35
2010-05-03,0.354
2010-05-04,0.355
2010-05-05,0.357
2010-05-06,0.358
2010-05-07,0.362
2010-05-10,0.362
2010-05-11,0.362
2010-05-12,0.362
2010-05-13,0.361
2010-05-14,0.361
2010-05-17,0.361
2010-05-18,0.363
2010-05-19,0.362
2010-05-20,0.362
2010-05-21,0.362
2010-05-24,0.359
2010-05-25,0.362
2010-05-26,0.362
2010-05-27,0.362
2010-05-28,0.361
2010-05-31,0.363
2010-06-01,0.361
2010-06-02,0.363
2010-06-03,0.363
2010-06-04,0.364
2010-06-07,0.365
2010-06-08,0.365
2010-06-09,0.365
2010-06-10,0.368
2010-06-11,0.367
2010-06-14,0.365
2010-06-15,0.366
2010-06-16,0.365
2010-06-17,0.364
2010-06-18,0.366
2010-06-21,0.367
2010-06-22,0.375
2010-06-23,0.381
2010-06-24,0.388
2010-06-25,0.396
2010-06-28,0.405
2010-06-29,0.415
2010-06-30,0.42
2010-07-01,0.446
2010-07-02,0.452
2010-07-05,0.456
2010-07-06,0.459
2010-07-07,0.467
2010-07-08,0.478
2010-07-09,0.491
2010-07-12,0.498
2010-07-13,0.504
2010-07-14,0.51
2010-07-15,0.517
2010-07-16,0.545
2010-07-19,0.561
2010-07-20,0.569
2010-07-21,0.576
2010-07-22,0.58
2010-07-23,0.582
2010-07-26,0.58
2010-07-27,0.584
2010-07-28,0.585
2010-07-29,0.584
2010-07-30,0.577
2010-08-02,0.577
2010-08-03,0.569
2010-08-04,0.564
2010-08-05,0.565
2010-08-06,0.568
2010-08-09,0.564
2010-08-10,0.562
2010-08-11,0.561
2010-08-12,0.555
2010-08-13,0.55
2010-08-16,0.544
2010-08-17,0.54
2010-08-18,0.538
2010-08-19,0.534
2010-08-20,0.528
2010-08-23,0.531
2010-08-24,0.527
2010-08-25,0.524
2010-08-26,0.519
2010-08-27,0.515
2010-08-30,0.517
2010-08-31,0.514
2010-09-01,0.512
2010-09-02,0.512
2010-09-03,0.511
2010-09-06,0.509
2010-09-07,0.506
2010-09-08,0.505
2010-09-09,0.502
2010-09-10,0.501
2010-09-13,0.502
2010-09-14,0.502
2010-09-15,0.5
2010-09-16,0.503
2010-09-17,0.503
2010-09-20,0.503
2010-09-21,0.504
2010-09-22,0.512
2010-09-23,0.513
2010-09-24,0.515
2010-09-27,0.515
2010-09-28,0.518
2010-09-29,0.517
2010-09-30,0.52
2010-10-01,0.64
2010-10-04,0.664
2010-10-05,0.659
2010-10-06,0.648
2010-10-07,0.663
2010-10-08,0.694
2010-10-11,0.708
2010-10-12,0.725
2010-10-13,0.728
2010-10-14,0.727
2010-10-15,0.734
2010-10-18,0.743
2010-10-19,0.758
2010-10-20,0.774
2010-10-21,0.787
2010-10-22,0.798
2010-10-25,0.804
2010-10-26,0.81
2010-10-27,0.813
2010-10-28,0.795
2010-10-29,0.779
2010-11-01,0.77
2010-11-02,0.762
2010-11-03,0.747
2010-11-04,0.758
2010-11-05,0.781
2010-11-08,0.796
2010-11-09,0.805
2010-11-10,0.805
2010-11-11,0.807
2010-11-12,0.806
2010-11-15,0.8
2010-11-16,0.792
2010-11-17,0.775
2010-11-18,0.742
2010-11-19,0.711
2010-11-22,0.68
2010-11-23,0.657
2010-11-24,0.637
2010-11-25,0.615
2010-11-26,0.604
2010-11-29,0.595
2010-11-30,0.602
2010-12-01,0.606
2010-12-02,0.641
2010-12-03,0.675
2010-12-06,0.692
2010-12-07,0.718
2010-12-08,0.72
2010-12-09,0.703
2010-12-10,0.691
2010-12-13,0.676
2010-12-14,0.663
2010-12-15,0.641
2010-12-16,0.624
2010-12-17,0.613
2010-12-20,0.613
2010-12-21,0.602
2010-12-22,0.598
2010-12-23,0.643
2010-12-24,0.666
2010-12-27,0.684
2010-12-28,0.696
2010-12-29,0.7
2010-12-30,0.628
2010-12-31,0.612
2011-01-03,0.59
2011-01-04,0.575
2011-01-05,0.569
2011-01-06,0.56
2011-01-07,0.552
2011-01-10,0.552
2011-01-11,0.555
2011-01-12,0.562
2011-01-13,0.592
2011-01-14,0.647
2011-01-17,0.666
2011-01-18,0.687
2011-01-19,0.701
2011-01-20,0.71
2011-01-21,0.746
2011-01-24,0.783
2011-01-25,0.802
2011-01-26,0.899
2011-01-27,0.9
2011-01-28,0.897
2011-01-31,0.92
2011-02-01,0.951
2011-02-02,0.885
2011-02-03,0.859
2011-02-04,0.865
2011-02-07,0.864
2011-02-08,0.855
2011-02-09,0.971
2011-02-10,0.971
2011-02-11,0.942
2011-02-14,0.916
2011-02-15,0.885
2011-02-16,0.841
2011-02-17,0.805
2011-02-18,0.743
2011-02-21,0.707
2011-02-22,0.708
2011-02-23,0.718
2011-02-24,0.708
2011-02-25,0.705
2011-02-28,0.706
2011-03-01,0.706
2011-03-02,0.698
2011-03-03,0.768
2011-03-04,0.848
2011-03-07,0.872
2011-03-08,0.895
2011-03-09,0.89
2011-03-10,0.874
2011-03-11,0.853
2011-03-14,0.839
2011-03-15,0.814
2011-03-16,0.795
2011-03-17,0.784
2011-03-18,0.781
2011-03-21,0.782
2011-03-22,0.781
2011-03-23,0.793
2011-03-24,0.804
2011-03-25,0.806
2011-03-28,0.808
2011-03-29,0.813
2011-03-30,0.807
2011-03-31,0.792
2011-04-01,0.777
2011-04-04,0.781
2011-04-05,0.787
2011-04-06,0.798
2011-04-07,0.912
2011-04-08,1.03
2011-04-11,1.107
2011-04-12,1.13
2011-04-13,1.145
2011-04-14,1.149
2011-04-15,1.151
2011-04-18,1.155
2011-04-19,1.157
2011-04-20,1.176
2011-04-21,1.198
2011-04-26,1.206
2011-04-27,1.214
2011-04-28,1.222
2011-04-29,1.226
2011-05-02,1.231
2011-05-03,1.241
2011-05-04,1.2
2011-05-05,1.202
2011-05-06,1.216
2011-05-09,1.232
2011-05-10,1.24
2011-05-11,1.196
2011-05-12,1.177
2011-05-13,1.174
2011-05-16,1.177
2011-05-17,1.179
2011-05-18,1.184
2011-05-19,1.189
2011-05-20,1.189
2011-05-23,1.193
2011-05-24,1.193
2011-05-25,1.191
2011-05-26,1.164
2011-05-27,1.122
2011-05-30,1.097
2011-05-31,1.084
2011-06-01,1.058
2011-06-02,1.026
2011-06-03,1.017
2011-06-06,1.015
2011-06-07,1.018
2011-06-08,1.077
2011-06-09,1.213
2011-06-10,1.248
2011-06-13,1.254
2011-06-14,1.261
2011-06-15,1.267
2011-06-16,1.274
2011-06-17,1.289
2011-06-20,1.304
2011-06-21,1.31
2011-06-22,1.258
2011-06-23,1.222
2011-06-24,1.203
2011-06-27,1.201
2011-06-28,1.207
2011-06-29,1.207
2011-06-30,1.189
2011-07-01,1.177
2011-07-04,1.168
2011-07-05,1.164
2011-07-06,1.14
2011-07-07,1.252
2011-07-08,1.367
2011-07-11,1.439
2011-07-12,1.453
2011-07-13,1.462
2011-07-14,1.462
2011-07-15,1.461
2011-07-18,1.465
2011-07-19,1.473
2011-07-20,1.369
2011-07-21,1.319
2011-07-22,1.3
2011-07-25,1.298
2011-07-26,1.299
2011-07-27,1.281
2011-07-28,1.251
2011-07-29,1.212
2011-08-01,1.194
2011-08-02,1.192
2011-08-03,1.2
2011-08-04,1.269
2011-08-05,1.275
2011-08-08,1.289
2011-08-09,1.281
2011-08-10,1.222
2011-08-11,1.182
2011-08-12,1.161
2011-08-15,1.149
2011-08-16,1.14
2011-08-17,1.133
2011-08-18,1.123
2011-08-19,1.118
2011-08-22,1.123
2011-08-23,1.119
2011-08-24,1.116
2011-08-25,1.11
2011-08-26,1.108
2011-08-29,1.109
2011-08-30,1.104
2011-08-31,1.101
2011-09-01,1.098
2011-09-02,1.092
2011-09-05,1.091
2011-09-06,1.089
2011-09-07,1.086
2011-09-08,1.086
2011-09-09,1.092
2011-09-12,1.096
2011-09-13,1.098
2011-09-14,1.094
2011-09-15,1.089
2011-09-16,1.111
2011-09-19,1.125
2011-09-20,1.138
2011-09-21,1.14
2011-09-22,1.17
2011-09-23,1.182
2011-09-26,1.195
2011-09-27,1.211
2011-09-28,1.228
2011-09-29,1.22
2011-09-30,1.208
2011-10-03,1.197
2011-10-04,1.184
2011-10-05,1.17
2011-10-06,1.155
2011-10-07,1.178
2011-10-10,1.185
2011-10-11,1.191
2011-10-12,1.186
2011-10-13,1.181
2011-10-14,1.174
2011-10-17,1.171
2011-10-18,1.166
2011-10-19,1.161
2011-10-20,1.158
2011-10-21,1.158
2011-10-24,1.153
2011-10-25,1.151
2011-10-26,1.147
2011-10-27,1.14
2011-10-28,1.136
2011-10-31,1.136
2011-11-01,1.134
2011-11-02,1.134
2011-11-03,1.136
2011-11-04,1.028
2011-11-07,0.976
2011-11-08,0.952
2011-11-09,0.942
2011-11-10,0.932
2011-11-11,0.926
2011-11-14,0.921
2011-11-15,0.919
2011-11-16,0.908
2011-11-17,0.906
2011-11-18,0.906
2011-11-21,0.905
2011-11-22,0.91
2011-11-23,0.909
2011-11-24,0.909
2011-11-25,0.911
2011-11-28,0.909
2011-11-29,0.905
2011-11-30,0.904
2011-12-01,0.894
2011-12-02,0.892
2011-12-05,0.895
2011-12-06,0.896
2011-12-07,0.895
2011-12-08,0.887
2011-12-09,0.831
2011-12-12,0.8
2011-12-13,0.787
2011-12-14,0.767
2011-12-15,0.762
2011-12-16,0.76
2011-12-19,0.759
2011-12-20,0.76
2011-12-21,0.757
2011-12-22,0.861
2011-12-23,0.853
2011-12-27,0.846
2011-12-28,0.836
2012-01-02,0.652
2012-01-03,0.626
2012-01-04,0.606
2012-01-05,0.584
2012-01-06,0.564
2012-01-09,0.546
2012-01-10,0.53
2012-01-11,0.513
2012-01-12,0.497
2012-01-13,0.483
2012-01-16,0.469
2012-01-17,0.459
2012-01-18,0.448
2012-01-19,0.44
2012-01-20,0.433
2012-01-23,0.429
2012-01-24,0.422
2012-01-25,0.416
2012-01-26,0.411
2012-01-27,0.41
2012-01-30,0.404
2012-01-31,0.401
2012-02-01,0.396
2012-02-02,0.391
2012-02-03,0.387
2012-02-06,0.384
2012-02-07,0.382
2012-02-08,0.379
2012-02-09,0.375
2012-02-10,0.373
2012-02-13,0.373
2012-02-14,0.371
2012-02-15,0.372
2012-02-16,0.371
2012-02-17,0.368
2012-02-20,0.366
2012-02-21,0.364
2012-02-22,0.362
2012-02-23,0.36
2012-02-24,0.361
2012-02-27,0.361
2012-02-28,0.36
2012-02-29,0.357
2012-03-01,0.347
2012-03-02,0.334
2012-03-05,0.328
2012-03-06,0.323
2012-03-07,0.32
2012-03-08,0.319
2012-03-09,0.318
2012-03-12,0.317
2012-03-13,0.317
2012-03-14,0.318
2012-03-15,0.318
2012-03-16,0.32
2012-03-19,0.318
2012-03-20,0.317
2012-03-21,0.316
2012-03-22,0.32
2012-03-23,0.32
2012-03-26,0.32
2012-03-27,0.32
2012-03-28,0.32
2012-03-29,0.317
2012-03-30,0.316
2012-04-02,0.318
2012-04-03,0.317
2012-04-04,0.317
2012-04-05,0.317
2012-04-10,0.316
2012-04-11,0.317
2012-04-12,0.315
2012-04-13,0.315
2012-04-16,0.315
2012-04-17,0.315
2012-04-18,0.317
2012-04-19,0.318
2012-04-20,0.319
2012-04-23,0.319
2012-04-24,0.318
2012-04-25,0.319
2012-04-26,0.318
2012-04-27,0.316
2012-04-30,0.317
2012-05-02,0.316
2012-05-03,0.317
2012-05-04,0.318
2012-05-07,0.317
2012-05-08,0.317
2012-05-09,0.318
2012-05-10,0.317
2012-05-11,0.317
2012-05-14,0.318
2012-05-15,0.317
2012-05-16,0.318
2012-05-17,0.317
2012-05-18,0.318
2012-05-21,0.317
2012-05-22,0.317
2012-05-23,0.318
2012-05-24,0.318
2012-05-25,0.318
2012-05-28,0.318
2012-05-29,0.319
2012-05-30,0.317
2012-05-31,0.317
2012-06-01,0.317
2012-06-04,0.318
2012-06-05,0.318
2012-06-06,0.318
2012-06-07,0.319
2012-06-08,0.319
2012-06-11,0.32
2012-06-12,0.32
2012-06-13,0.321
2012-06-14,0.32
2012-06-15,0.32
2012-06-18,0.32
2012-06-19,0.321
2012-06-20,0.322
2012-06-21,0.325
2012-06-22,0.323
2012-06-25,0.323
2012-06-26,0.323
2012-06-27,0.323
2012-06-28,0.321
2012-06-29,0.323
2012-07-02,0.321
2012-07-03,0.319
2012-07-04,0.317
2012-07-05,0.313
2012-07-06,0.208
2012-07-09,0.174
2012-07-10,0.158
2012-07-11,0.145
2012-07-12,0.134
2012-07-13,0.127
2012-07-16,0.122
2012-07-17,0.118
2012-07-18,0.115
2012-07-19,0.115
2012-07-20,0.113
2012-07-23,0.112
2012-07-24,0.111
2012-07-25,0.109
2012-07-26,0.109
2012-07-27,0.107
2012-07-30,0.105
2012-07-31,0.102
2012-08-01,0.099
2012-08-02,0.096
2012-08-03,0.097
2012-08-06,0.096
2012-08-07,0.096
2012-08-08,0.096
2012-08-09,0.096
2012-08-10,0.097
2012-08-13,0.096
2012-08-14,0.095
2012-08-15,0.096
2012-08-16,0.096
2012-08-17,0.095
2012-08-20,0.094
2012-08-21,0.094
2012-08-22,0.092
2012-08-23,0.092
2012-08-24,0.092
2012-08-27,0.092
2012-08-28,0.092
2012-08-29,0.092
2012-08-30,0.091
2012-08-31,0.09
2012-09-03,0.091
2012-09-04,0.09
2012-09-05,0.089
2012-09-06,0.088
2012-09-07,0.088
2012-09-10,0.088
2012-09-11,0.089
2012-09-12,0.088
2012-09-13,0.087
2012-09-14,0.086
2012-09-17,0.086
2012-09-18,0.085
2012-09-19,0.085
2012-09-20,0.084
2012-09-21,0.084
2012-09-24,0.085
2012-09-25,0.085
2012-09-26,0.085
2012-09-27,0.082
2012-09-28,0.083
2012-10-01,0.084
2012-10-02,0.083
2012-10-03,0.082
2012-10-04,0.081
2012-10-05,0.081
2012-10-08,0.081
2012-10-09,0.081
2012-10-10,0.081
2012-10-11,0.081
2012-10-12,0.081
2012-10-15,0.08
2012-10-16,0.079
2012-10-17,0.08
2012-10-18,0.079
2012-10-19,0.079
2012-10-22,0.08
2012-10-23,0.08
2012-10-24,0.08
2012-10-25,0.08
2012-10-26,0.08
2012-10-29,0.079
2012-10-30,0.079
2012-10-31,0.079
2012-11-01,0.079
2012-11-02,0.079
2012-11-05,0.078
2012-11-06,0.079
2012-11-07,0.079
2012-11-08,0.079
2012-11-09,0.079
2012-11-12,0.078
2012-11-13,0.078
2012-11-14,0.078
2012-11-15,0.078
2012-11-16,0.078
2012-11-19,0.077
2012-11-20,0.078
2012-11-21,0.077
2012-11-22,0.077
2012-11-23,0.077
2012-11-26,0.077
2012-11-27,0.077
2012-11-28,0.077
2012-11-29,0.078
2012-11-30,0.077
2012-12-03,0.076
2012-12-04,0.077
2012-12-05,0.077
2012-12-06,0.076
2012-12-07,0.077
2012-12-10,0.077
2012-12-11,0.077
2012-12-12,0.077
2012-12-13,0.076
2012-12-14,0.077
2012-12-17,0.077
2012-12-18,0.077
2012-12-19,0.078
2012-12-20,0.078
2012-12-21,0.088
2012-12-24,0.09
2012-12-27,0.089
2012-12-28,0.082
2013-01-02,0.08
2013-01-03,0.079
2013-01-04,0.08
2013-01-07,0.08
2013-01-08,0.08
2013-01-09,0.08
2013-01-10,0.08
2013-01-11,0.08
2013-01-14,0.08
2013-01-15,0.081
2013-01-16,0.08
2013-01-17,0.08
2013-01-18,0.08
2013-01-21,0.08
2013-01-22,0.08
2013-01-23,0.081
2013-01-24,0.081
2013-01-25,0.081
2013-01-28,0.082
2013-01-29,0.083
2013-01-30,0.083
2013-01-31,0.083
2013-02-01,0.084
2013-01-02,0.08
2013-01-03,0.079
2013-01-04,0.08
2013-01-07,0.08
2013-01-08,0.08
2013-01-09,0.08
2013-01-10,0.08
2013-01-11,0.08
2013-01-14,0.08
2013-01-15,0.081
2013-01-16,0.08
2013-01-17,0.08
2013-01-18,0.08
2013-01-21,0.08
2013-01-22,0.08
2013-01-23,0.081
2013-01-24,0.081
2013-01-25,0.081
2013-01-28,0.082
2013-01-29,0.083
2013-01-30,0.083
2013-01-31,0.083
2013-02-01,0.084
2013-02-04,0.084
2013-02-05,0.084
2013-02-06,0.084
2013-02-07,0.083
2013-02-08,0.082
2013-02-11,0.082
2013-02-12,0.082
2013-02-13,0.081
2013-02-14,0.081
2013-02-15,0.081
2013-02-18,0.08
2013-02-19,0.08
2013-02-20,0.081
2013-02-21,0.08
2013-02-22,0.081
2013-02-25,0.081
2013-02-26,0.08
2013-02-27,0.08
2013-02-28,0.08
2013-03-01,0.08
2013-03-04,0.08
2013-03-05,0.08
2013-03-06,0.08
2013-03-07,0.079
2013-03-08,0.079
2013-03-11,0.079
2013-03-12,0.079
2013-03-13,0.079
2013-03-14,0.078
2013-03-15,0.079
2013-03-18,0.08
2013-03-19,0.08
2013-03-20,0.083
2013-03-21,0.085
2013-03-22,0.088
2013-03-25,0.088
2013-03-26,0.09
2013-03-27,0.085
2013-03-28,0.083
2013-04-02,0.084
2013-04-03,0.083
2013-04-04,0.083
2013-04-05,0.083
2013-04-08,0.084
2013-04-09,0.084
2013-04-10,0.084
2013-04-11,0.084
2013-04-12,0.082
2013-04-15,0.082
2013-04-16,0.082
2013-04-17,0.083
2013-04-18,0.082
2013-04-19,0.082
2013-04-22,0.082
2013-04-23,0.083
2013-04-24,0.083
2013-04-25,0.083
2013-04-26,0.083
2013-04-29,0.083
2013-04-30,0.083
2013-05-02,0.083
2013-05-03,0.083
2013-05-06,0.082
2013-05-07,0.083
2013-05-08,0.083
2013-05-09,0.083
2013-05-10,0.083
2013-05-13,0.083
2013-05-14,0.083
2013-05-15,0.083
2013-05-16,0.083
2013-05-17,0.082
2013-05-20,0.082
2013-05-21,0.082
2013-05-22,0.082
2013-05-23,0.083
2013-05-24,0.083
2013-05-27,0.084
2013-05-28,0.085
2013-05-29,0.087
2013-05-30,0.087
2013-05-31,0.087
2013-06-03,0.087
2013-06-04,0.087
2013-06-05,0.088
2013-06-06,0.088
2013-06-07,0.089
2013-06-10,0.089
2013-06-11,0.09
2013-06-12,0.09
2013-06-13,0.09
2013-06-14,0.09
2013-06-17,0.09
2013-06-18,0.089
2013-06-19,0.089
2013-06-20,0.099
2013-06-21,0.102
2013-06-24,0.104
2013-06-25,0.105
2013-06-26,0.105
2013-06-27,0.095
2013-06-28,0.094
2013-07-01,0.091
2013-07-02,0.093
2013-07-03,0.092
2013-07-04,0.094
2013-07-05,0.093
2013-07-08,0.095
2013-07-09,0.095
2013-07-10,0.095
2013-07-11,0.096
2013-07-12,0.097
2013-07-15,0.097
2013-07-16,0.097
2013-07-17,0.097
2013-07-18,0.098
2013-07-19,0.098
2013-07-22,0.1
2013-07-23,0.105
2013-07-24,0.107
2013-07-25,0.108
2013-07-26,0.109
2013-07-29,0.107
2013-07-30,0.106
2013-07-31,0.107
2013-08-01,0.106
2013-08-02,0.105
2013-08-05,0.104
2013-08-06,0.103
2013-08-07,0.102
2013-08-08,0.101
2013-08-09,0.102
2013-08-12,0.103
2013-08-13,0.101
2013-08-14,0.101
2013-08-15,0.101
2013-08-16,0.101
2013-08-19,0.101
2013-08-20,0.101
2013-08-21,0.1
2013-08-22,0.105
2013-08-23,0.105
2013-08-26,0.106
2013-08-27,0.106
2013-08-28,0.105
2013-08-29,0.1
2013-08-30,0.098
2013-09-02,0.097
2013-09-03,0.097
2013-09-04,0.097
2013-09-05,0.097
2013-09-06,0.098
2013-09-09,0.098
2013-09-10,0.098
2013-09-11,0.098
2013-09-12,0.096
2013-09-13,0.096
2013-09-16,0.096
2013-09-17,0.096
2013-09-18,0.095
2013-09-19,0.095
2013-09-20,0.099
2013-09-23,0.1
2013-09-24,0.1
2013-09-25,0.101
2013-09-26,0.102
2013-09-27,0.098
2013-09-30,0.098
2013-10-01,0.098
2013-10-02,0.098
2013-10-03,0.098
2013-10-04,0.099
2013-10-07,0.099
2013-10-08,0.098
2013-10-09,0.098
2013-10-10,0.097
2013-10-11,0.098
2013-10-14,0.098
2013-10-15,0.098
2013-10-16,0.098
2013-10-17,0.098
2013-10-18,0.098
2013-10-21,0.099
2013-10-22,0.099
2013-10-23,0.1
2013-10-24,0.101
2013-10-25,0.102
2013-10-28,0.102
2013-10-29,0.102
2013-10-30,0.102
2013-10-31,0.103
2013-11-01,0.102
2013-11-04,0.103
2013-11-05,0.102
2013-11-06,0.101
2013-11-07,0.1
2013-11-08,0.098
2013-11-11,0.098
2013-11-12,0.098
2013-11-13,0.097
2013-11-14,0.096
2013-11-15,0.097
2013-11-18,0.097
2013-11-19,0.1
2013-11-20,0.1
2013-11-21,0.108
2013-11-22,0.114
2013-11-25,0.124
2013-11-26,0.133
2013-11-27,0.137
2013-11-28,0.126
2013-11-29,0.125
2013-12-02,0.124
2013-12-03,0.127
2013-12-04,0.13
2013-12-05,0.132
2013-12-06,0.137
2013-12-09,0.14
2013-12-10,0.143
2013-12-11,0.147
2013-12-12,0.152
2013-12-13,0.157
2013-12-16,0.171
2013-12-17,0.183
2013-12-18,0.19
2013-12-19,0.181
2013-12-20,0.182
2013-12-23,0.242
2013-12-24,0.253
2013-12-27,0.254
2013-12-30,0.198
2013-12-31,0.188
2014-01-02,0.183
2014-01-03,0.177
2014-01-06,0.169
2014-01-07,0.165
2014-01-08,0.171
2014-01-09,0.173
2014-01-10,0.175
2014-01-13,0.175
2014-01-14,0.174
2014-01-15,0.184
2014-01-16,0.21
2014-01-17,0.227
2014-01-20,0.221
2014-01-21,0.222
2014-01-22,0.216
2014-01-23,0.213
2014-01-24,0.211
2014-01-27,0.21
2014-01-28,0.213
2014-01-29,0.207
2014-01-30,0.191
2014-01-31,0.188
2014-02-03,0.184
2014-02-04,0.182
2014-02-05,0.189
2014-02-06,0.186
2014-02-07,0.19
2014-02-10,0.192
2014-02-11,0.193
2014-02-12,0.198
2014-02-13,0.189
2014-02-14,0.19
2014-02-17,0.188
2014-02-18,0.19
2014-02-19,0.191
2014-02-20,0.192
2014-02-21,0.192
2014-02-24,0.191
2014-02-25,0.192
2014-02-26,0.194
2014-02-27,0.187
2014-02-28,0.184
2014-03-03,0.184
2014-03-04,0.183
2014-03-05,0.182
2014-03-06,0.181
2014-03-07,0.191
2014-03-10,0.2
2014-03-11,0.194
2014-03-12,0.195
2014-03-13,0.192
2014-03-14,0.191
2014-03-17,0.191
2014-03-18,0.194
2014-03-19,0.195
2014-03-20,0.196
2014-03-21,0.204
2014-03-24,0.209
2014-03-25,0.21
2014-03-26,0.206
2014-03-27,0.208
2014-03-28,0.199
2014-03-31,0.199
2014-04-01,0.196
2014-04-02,0.205
2014-04-03,0.204
2014-04-04,0.212
2014-04-07,0.215
2014-04-08,0.214
2014-04-09,0.215
2014-04-10,0.218
2014-04-11,0.223
2014-04-14,0.224
2014-04-15,0.225
2014-04-16,0.218
2014-04-17,0.213
2014-04-22,0.219
2014-04-23,0.227
2014-04-24,0.239
2014-04-25,0.252
2014-04-28,0.259
2014-04-29,0.253
2014-04-30,0.234
2014-05-02,0.225
2014-05-05,0.22
2014-05-06,0.219
2014-05-07,0.237
2014-05-08,0.236
2014-05-09,0.242
2014-05-12,0.241
2014-05-13,0.241
2014-05-14,0.232
2014-05-15,0.23
2014-05-16,0.23
2014-05-19,0.232
2014-05-20,0.231
2014-05-21,0.242
2014-05-22,0.266
2014-05-23,0.278
2014-05-26,0.276
2014-05-27,0.272
2014-05-28,0.263
2014-05-29,0.248
2014-05-30,0.242
2014-06-02,0.244
2014-06-03,0.242
2014-06-04,0.224
2014-06-05,0.197
2014-06-06,0.161
2014-06-09,0.155
2014-06-10,0.15
2014-06-11,0.135
2014-06-12,0.099
2014-06-13,0.079
2014-06-16,0.061
2014-06-17,0.054
2014-06-18,0.051
2014-06-19,0.046
2014-06-20,0.055
2014-06-23,0.061
2014-06-24,0.065
2014-06-25,0.066
2014-06-26,0.067
2014-06-27,0.056
2014-06-30,0.052
2014-07-01,0.051
2014-07-02,0.048
2014-07-03,0.05
2014-07-04,0.049
2014-07-07,0.049
2014-07-08,0.048
2014-07-09,0.048
2014-07-10,0.048
2014-07-11,0.048
2014-07-14,0.048
2014-07-15,0.048
2014-07-16,0.047
2014-07-17,0.046
2014-07-18,0.047
2014-07-21,0.049
2014-07-22,0.05
2014-07-23,0.059
2014-07-24,0.064
2014-07-25,0.064
2014-07-28,0.062
2014-07-29,0.061
2014-07-30,0.05
2014-07-31,0.049
2014-08-01,0.049
2014-08-04,0.044
2014-08-05,0.044
2014-08-06,0.044
2014-08-07,0.042
2014-08-08,0.04
2014-08-11,0.038
2014-08-12,0.037
2014-08-13,0.038
2014-08-14,0.037
2014-08-15,0.037
2014-08-18,0.036
2014-08-19,0.036
2014-08-20,0.035
2014-08-21,0.045
2014-08-22,0.047
2014-08-25,0.046
2014-08-26,0.047
2014-08-27,0.046
2014-08-28,0.036
2014-08-29,0.031
2014-09-01,0.031
2014-09-02,0.026
2014-09-03,0.026
2014-09-04,0.025
2014-09-05,-0.009
2014-09-08,-0.016
2014-09-09,-0.018
2014-09-10,-0.018
2014-09-11,-0.021
2014-09-12,-0.021
2014-09-15,-0.018
2014-09-16,-0.022
2014-09-17,-0.023
2014-09-18,-0.022
2014-09-19,-0.023
2014-09-22,-0.016
2014-09-23,-0.014
2014-09-24,-0.006
2014-09-25,-0.007
2014-09-26,0.001
2014-09-29,-0.009
2014-09-30,-0.013
